Timestamp (Elapsed time in seconds),PID,FPS,FPS 1(%) Low,Render Latency(MSec),Average PC Latency(MSec),CPU Utilization(%),CPU Power(Watts),CPU Frequency(MHz),CPU Package Temperature(Celsius),GPU1 Utilization(%),GPU1 Temperature(Degrees celsius),GPU1 Frequency(MHz),GPU1 Memory Frequency(MHz),GPU1 Voltage(Milli Volts),GPU1 Fan1 Speed (RPM),GPU1 Fan2 Speed (RPM),GPU2 Utilization(%),GPU2 Temperature(Degrees celsius),GPU2 Frequency(MHz),GPU2 Memory Frequency(MHz),GPU2 Voltage(Milli Volts),GPU2 Fan1 Speed (RPM),GPU2 Fan2 Speed (RPM),
0.000,12020,413.621,140.158,0.310,4.580,69.000,N/A,4421.000,N/A,24.000,32.000,2625.000,11201.000,0.960,0.000,0.000,N/A,N/A,N/A,N/A,N/A,N/A,N/A
0.089,12020,425.727,230.298,0.332,4.601,71.000,N/A,4448.000,N/A,23.000,32.000,2625.000,11201.000,0.960,0.000,0.000,N/A,N/A,N/A,N/A,N/A,N/A,N/A
0.591,12020,437.377,229.006,0.291,4.501,73.000,N/A,4481.000,N/A,25.000,31.000,2625.000,11201.000,0.960,0.000,0.000,N/A,N/A,N/A,N/A,N/A,N/A,N/A
1.104,12020,459.294,280.930,0.250,4.415,72.000,N/A,4457.000,N/A,24.000,32.000,2625.000,11201.000,0.960,0.000,0.000,N/A,N/A,N/A,N/A,N/A,N/A,N/A
1.606,12020,468.579,288.434,0.323,4.439,69.000,N/A,4423.000,N/A,24.000,32.000,2625.000,11201.000,0.960,0.000,0.000,N/A,N/A,N/A,N/A,N/A,N/A,N/A
2.108,12020,452.583,265.724,0.289,4.415,69.000,N/A,4430.000,N/A,24.000,32.000,2625.000,11201.000,0.960,0.000,0.000,N/A,N/A,N/A,N/A,N/A,N/A,N/A
2.609,12020,451.601,255.918,0.315,4.424,69.000,N/A,4423.000,N/A,25.000,32.000,2625.000,11201.000,0.960,0.000,0.000,N/A,N/A,N/A,N/A,N/A,N/A,N/A
3.114,12020,444.656,252.685,0.354,4.580,70.000,N/A,4435.000,N/A,24.000,32.000,2625.000,11201.000,0.960,0.000,0.000,N/A,N/A,N/A,N/A,N/A,N/A,N/A
3.617,12020,445.446,220.902,0.357,4.457,56.000,N/A,4309.000,N/A,23.000,32.000,2625.000,11201.000,0.960,0.000,0.000,N/A,N/A,N/A,N/A,N/A,N/A,N/A
4.118,12020,454.723,298.507,0.374,4.457,54.000,N/A,4266.000,N/A,24.000,32.000,2625.000,11201.000,0.960,0.000,0.000,N/A,N/A,N/A,N/A,N/A,N/A,N/A
4.619,12020,455.895,291.622,0.252,4.482,54.000,N/A,4304.000,N/A,25.000,32.000,2625.000,11201.000,0.960,0.000,0.000,N/A,N/A,N/A,N/A,N/A,N/A,N/A
5.132,12020,446.007,302.838,0.291,4.425,54.000,N/A,4284.000,N/A,24.000,32.000,2625.000,11201.000,0.960,0.000,0.000,N/A,N/A,N/A,N/A,N/A,N/A,N/A
5.636,12020,438.042,269.680,0.395,4.350,54.000,N/A,4287.000,N/A,23.000,32.000,2625.000,11201.000,0.960,0.000,0.000,N/A,N/A,N/A,N/A,N/A,N/A,N/A
6.151,12020,447.689,296.235,0.356,4.450,55.000,N/A,4309.000,N/A,24.000,32.000,2625.000,11201.000,0.960,0.000,0.000,N/A,N/A,N/A,N/A,N/A,N/A,N/A
6.655,12020,423.531,205.036,0.299,4.553,53.000,N/A,4269.000,N/A,23.000,32.000,2625.000,11201.000,0.960,0.000,0.000,N/A,N/A,N/A,N/A,N/A,N/A,N/A
7.170,12020,473.227,296.349,0.381,4.250,55.000,N/A,4282.000,N/A,23.000,32.000,2625.000,11201.000,0.960,0.000,0.000,N/A,N/A,N/A,N/A,N/A,N/A,N/A
7.671,12020,445.332,266.326,0.479,4.461,56.000,N/A,4286.000,N/A,25.000,32.000,2625.000,11201.000,0.960,0.000,0.000,N/A,N/A,N/A,N/A,N/A,N/A,N/A
8.175,12020,452.571,277.246,0.294,4.477,55.000,N/A,4302.000,N/A,23.000,32.000,2625.000,11201.000,0.960,0.000,0.000,N/A,N/A,N/A,N/A,N/A,N/A,N/A
8.676,12020,446.769,280.891,0.304,4.621,54.000,N/A,4297.000,N/A,23.000,32.000,2625.000,11201.000,0.960,0.000,0.000,N/A,N/A,N/A,N/A,N/A,N/A,N/A
9.180,12020,460.283,280.529,0.358,4.480,54.000,N/A,4281.000,N/A,22.000,32.000,2625.000,11201.000,0.960,0.000,0.000,N/A,N/A,N/A,N/A,N/A,N/A,N/A
9.681,12020,468.211,296.393,0.292,4.518,54.000,N/A,4285.000,N/A,24.000,32.000,2625.000,11201.000,0.960,0.000,0.000,N/A,N/A,N/A,N/A,N/A,N/A,N/A
10.183,12020,478.868,307.939,0.336,4.336,54.000,N/A,4277.000,N/A,24.000,32.000,2625.000,11201.000,0.960,0.000,0.000,N/A,N/A,N/A,N/A,N/A,N/A,N/A
10.687,12020,453.700,272.272,0.354,4.590,53.000,N/A,4294.000,N/A,25.000,32.000,2625.000,11201.000,0.960,0.000,0.000,N/A,N/A,N/A,N/A,N/A,N/A,N/A
11.189,12020,450.745,282.223,0.329,4.730,55.000,N/A,4275.000,N/A,23.000,32.000,2625.000,11201.000,0.960,0.000,0.000,N/A,N/A,N/A,N/A,N/A,N/A,N/A
11.690,12020,453.325,298.383,0.336,4.701,54.000,N/A,4291.000,N/A,24.000,32.000,2625.000,11201.000,0.960,0.000,0.000,N/A,N/A,N/A,N/A,N/A,N/A,N/A
12.191,12020,455.869,308.632,0.391,4.881,54.000,N/A,4287.000,N/A,24.000,32.000,2625.000,11201.000,0.960,0.000,0.000,N/A,N/A,N/A,N/A,N/A,N/A,N/A
12.694,12020,463.446,272.420,0.311,4.803,54.000,N/A,4296.000,N/A,24.000,32.000,2625.000,11201.000,0.960,0.000,0.000,N/A,N/A,N/A,N/A,N/A,N/A,N/A
13.198,12020,461.667,290.166,0.337,4.728,53.000,N/A,4271.000,N/A,24.000,32.000,2625.000,11201.000,0.960,0.000,0.000,N/A,N/A,N/A,N/A,N/A,N/A,N/A
13.700,12020,444.489,254.887,0.379,4.789,54.000,N/A,4280.000,N/A,24.000,32.000,2625.000,11201.000,0.960,0.000,0.000,N/A,N/A,N/A,N/A,N/A,N/A,N/A
14.215,12020,464.522,302.984,0.343,4.481,54.000,N/A,4293.000,N/A,23.000,32.000,2625.000,11201.000,0.960,0.000,0.000,N/A,N/A,N/A,N/A,N/A,N/A,N/A
14.718,12020,470.344,317.299,0.370,4.401,54.000,N/A,4305.000,N/A,23.000,32.000,2625.000,11201.000,0.960,0.000,0.000,N/A,N/A,N/A,N/A,N/A,N/A,N/A
15.233,12020,467.329,285.453,0.323,4.224,54.000,N/A,4277.000,N/A,24.000,32.000,2625.000,11201.000,0.960,0.000,0.000,N/A,N/A,N/A,N/A,N/A,N/A,N/A
15.748,12020,454.274,282.374,0.346,4.251,55.000,N/A,4281.000,N/A,24.000,32.000,2625.000,11201.000,0.960,0.000,0.000,N/A,N/A,N/A,N/A,N/A,N/A,N/A
16.249,12020,444.431,273.778,0.268,4.341,54.000,N/A,4279.000,N/A,24.000,32.000,2625.000,11201.000,0.960,0.000,0.000,N/A,N/A,N/A,N/A,N/A,N/A,N/A
16.752,12020,436.599,265.484,0.370,4.390,55.000,N/A,4256.000,N/A,24.000,32.000,2625.000,11201.000,0.960,0.000,0.000,N/A,N/A,N/A,N/A,N/A,N/A,N/A
17.257,12020,473.935,308.394,0.372,4.092,54.000,N/A,4276.000,N/A,23.000,32.000,2625.000,11201.000,0.960,0.000,0.000,N/A,N/A,N/A,N/A,N/A,N/A,N/A
17.772,12020,479.306,326.979,0.377,4.061,55.000,N/A,4294.000,N/A,25.000,32.000,2625.000,11201.000,0.960,0.000,0.000,N/A,N/A,N/A,N/A,N/A,N/A,N/A
18.276,12020,473.777,278.404,0.307,4.038,54.000,N/A,4304.000,N/A,25.000,32.000,2625.000,11201.000,0.960,0.000,0.000,N/A,N/A,N/A,N/A,N/A,N/A,N/A
18.777,12020,454.377,278.606,0.312,4.211,54.000,N/A,4296.000,N/A,25.000,32.000,2625.000,11201.000,0.960,0.000,0.000,N/A,N/A,N/A,N/A,N/A,N/A,N/A
19.279,12020,458.133,289.461,0.304,4.332,54.000,N/A,4297.000,N/A,24.000,32.000,2625.000,11201.000,0.960,0.000,0.000,N/A,N/A,N/A,N/A,N/A,N/A,N/A
19.781,12020,462.569,301.441,0.321,4.499,54.000,N/A,4283.000,N/A,24.000,32.000,2625.000,11201.000,0.960,0.000,0.000,N/A,N/A,N/A,N/A,N/A,N/A,N/A
20.285,12020,455.185,308.318,0.438,4.652,55.000,N/A,4298.000,N/A,24.000,32.000,2625.000,11201.000,0.960,0.000,0.000,N/A,N/A,N/A,N/A,N/A,N/A,N/A
20.788,12020,452.559,282.079,0.374,4.603,54.000,N/A,4269.000,N/A,24.000,32.000,2625.000,11201.000,0.960,0.000,0.000,N/A,N/A,N/A,N/A,N/A,N/A,N/A
21.302,12020,455.632,302.398,0.373,4.449,54.000,N/A,4278.000,N/A,24.000,32.000,2625.000,11201.000,0.960,0.000,0.000,N/A,N/A,N/A,N/A,N/A,N/A,N/A
21.804,12020,450.080,286.041,0.295,4.413,54.000,N/A,4287.000,N/A,24.000,32.000,2625.000,11201.000,0.960,0.000,0.000,N/A,N/A,N/A,N/A,N/A,N/A,N/A
22.308,12020,462.635,289.628,0.285,4.333,54.000,N/A,4297.000,N/A,24.000,32.000,2625.000,11201.000,0.960,0.000,0.000,N/A,N/A,N/A,N/A,N/A,N/A,N/A
22.824,12020,478.198,312.441,0.248,4.120,54.000,N/A,4272.000,N/A,24.000,32.000,2625.000,11201.000,0.960,0.000,0.000,N/A,N/A,N/A,N/A,N/A,N/A,N/A
23.327,12020,483.160,333.756,0.364,4.243,54.000,N/A,4311.000,N/A,25.000,32.000,2625.000,11201.000,0.960,0.000,0.000,N/A,N/A,N/A,N/A,N/A,N/A,N/A
23.828,12020,464.972,284.900,0.281,4.415,54.000,N/A,4272.000,N/A,25.000,32.000,2625.000,11201.000,0.960,0.000,0.000,N/A,N/A,N/A,N/A,N/A,N/A,N/A
24.331,12020,439.618,218.694,0.363,4.624,56.000,N/A,4300.000,N/A,25.000,32.000,2625.000,11201.000,0.960,0.000,0.000,N/A,N/A,N/A,N/A,N/A,N/A,N/A
24.846,12020,430.257,282.741,0.464,4.678,54.000,N/A,4281.000,N/A,23.000,32.000,2625.000,11201.000,0.960,0.000,0.000,N/A,N/A,N/A,N/A,N/A,N/A,N/A
25.350,12020,434.127,256.654,0.289,4.865,54.000,N/A,4281.000,N/A,22.000,32.000,2625.000,11201.000,0.960,0.000,0.000,N/A,N/A,N/A,N/A,N/A,N/A,N/A
25.852,12020,450.646,301.705,0.370,4.729,53.000,N/A,4272.000,N/A,22.000,32.000,2625.000,11201.000,0.960,0.000,0.000,N/A,N/A,N/A,N/A,N/A,N/A,N/A
26.356,12020,456.851,257.294,0.317,4.551,54.000,N/A,4289.000,N/A,23.000,32.000,2625.000,11201.000,0.960,0.000,0.000,N/A,N/A,N/A,N/A,N/A,N/A,N/A
26.859,12020,449.424,297.265,0.296,4.531,54.000,N/A,4274.000,N/A,24.000,32.000,2625.000,11201.000,0.960,0.000,0.000,N/A,N/A,N/A,N/A,N/A,N/A,N/A
27.360,12020,430.153,179.195,0.368,4.840,54.000,N/A,4280.000,N/A,23.000,32.000,2625.000,11201.000,0.960,0.000,0.000,N/A,N/A,N/A,N/A,N/A,N/A,N/A
27.862,12020,465.322,287.059,0.351,4.681,56.000,N/A,4283.000,N/A,23.000,32.000,2625.000,11201.000,0.960,0.000,0.000,N/A,N/A,N/A,N/A,N/A,N/A,N/A
28.363,12020,480.323,220.590,0.247,4.629,54.000,N/A,4282.000,N/A,24.000,32.000,2625.000,11201.000,0.960,0.000,0.000,N/A,N/A,N/A,N/A,N/A,N/A,N/A
28.865,12020,471.772,280.828,0.314,4.691,55.000,N/A,4279.000,N/A,25.000,32.000,2625.000,11201.000,0.960,0.000,0.000,N/A,N/A,N/A,N/A,N/A,N/A,N/A
29.872,12020,450.900,268.565,0.286,4.335,54.000,N/A,4284.000,N/A,25.000,32.000,2625.000,11201.000,0.960,0.000,0.000,N/A,N/A,N/A,N/A,N/A,N/A,N/A
30.374,12020,451.759,270.951,0.253,4.199,54.000,N/A,4267.000,N/A,23.000,32.000,2625.000,11201.000,0.960,0.000,0.000,N/A,N/A,N/A,N/A,N/A,N/A,N/A
30.875,12020,461.190,294.916,0.378,4.081,55.000,N/A,4306.000,N/A,23.000,32.000,2625.000,11201.000,0.960,0.000,0.000,N/A,N/A,N/A,N/A,N/A,N/A,N/A
31.378,12020,480.049,288.700,0.342,4.041,56.000,N/A,4268.000,N/A,24.000,32.000,2625.000,11201.000,0.960,0.000,0.000,N/A,N/A,N/A,N/A,N/A,N/A,N/A
31.880,12020,472.881,306.843,0.348,4.142,54.000,N/A,4269.000,N/A,25.000,32.000,2625.000,11201.000,0.960,0.000,0.000,N/A,N/A,N/A,N/A,N/A,N/A,N/A
32.382,12020,469.975,292.312,0.321,4.207,54.000,N/A,4276.000,N/A,24.000,32.000,2625.000,11201.000,0.960,0.000,0.000,N/A,N/A,N/A,N/A,N/A,N/A,N/A
32.887,12020,461.852,266.610,0.299,4.465,54.000,N/A,4299.000,N/A,24.000,32.000,2625.000,11201.000,0.960,0.000,0.000,N/A,N/A,N/A,N/A,N/A,N/A,N/A
33.388,12020,463.853,297.009,0.291,4.498,55.000,N/A,4300.000,N/A,24.000,32.000,2625.000,11201.000,0.960,0.000,0.000,N/A,N/A,N/A,N/A,N/A,N/A,N/A
33.891,12020,467.879,270.015,0.313,4.511,54.000,N/A,4301.000,N/A,24.000,32.000,2625.000,11201.000,0.960,0.000,0.000,N/A,N/A,N/A,N/A,N/A,N/A,N/A
34.391,12020,463.522,307.929,0.317,4.415,54.000,N/A,4290.000,N/A,24.000,32.000,2625.000,11201.000,0.960,0.000,0.000,N/A,N/A,N/A,N/A,N/A,N/A,N/A
34.906,12020,450.877,271.150,0.319,4.434,54.000,N/A,4283.000,N/A,24.000,32.000,2625.000,11201.000,0.960,0.000,0.000,N/A,N/A,N/A,N/A,N/A,N/A,N/A
35.422,12020,451.589,274.025,0.307,4.236,54.000,N/A,4271.000,N/A,24.000,32.000,2625.000,11201.000,0.960,0.000,0.000,N/A,N/A,N/A,N/A,N/A,N/A,N/A
35.924,12020,446.151,250.231,0.340,4.413,56.000,N/A,4283.000,N/A,23.000,32.000,2625.000,11201.000,0.960,0.000,0.000,N/A,N/A,N/A,N/A,N/A,N/A,N/A
36.439,12020,466.297,303.021,0.337,4.243,55.000,N/A,4294.000,N/A,24.000,32.000,2625.000,11201.000,0.960,0.000,0.000,N/A,N/A,N/A,N/A,N/A,N/A,N/A
36.954,12020,484.431,282.957,0.311,4.159,53.000,N/A,4297.000,N/A,25.000,32.000,2625.000,11201.000,0.960,0.000,0.000,N/A,N/A,N/A,N/A,N/A,N/A,N/A
37.458,12020,488.969,307.569,0.375,4.160,55.000,N/A,4280.000,N/A,24.000,32.000,2625.000,11201.000,0.960,0.000,0.000,N/A,N/A,N/A,N/A,N/A,N/A,N/A
37.960,12020,460.068,269.702,0.344,4.179,54.000,N/A,4307.000,N/A,25.000,32.000,2625.000,11201.000,0.960,0.000,0.000,N/A,N/A,N/A,N/A,N/A,N/A,N/A
38.462,12020,452.048,273.590,0.395,4.348,54.000,N/A,4290.000,N/A,24.000,32.000,2625.000,11201.000,0.960,0.000,0.000,N/A,N/A,N/A,N/A,N/A,N/A,N/A
38.965,12020,441.669,296.974,0.342,4.448,54.000,N/A,4284.000,N/A,24.000,32.000,2625.000,11201.000,0.960,0.000,0.000,N/A,N/A,N/A,N/A,N/A,N/A,N/A
39.466,12020,465.976,298.445,0.293,4.422,54.000,N/A,4286.000,N/A,23.000,32.000,2625.000,11201.000,0.960,0.000,0.000,N/A,N/A,N/A,N/A,N/A,N/A,N/A
39.970,12020,463.107,304.915,0.314,4.710,56.000,N/A,4290.000,N/A,24.000,32.000,2625.000,11201.000,0.960,0.000,0.000,N/A,N/A,N/A,N/A,N/A,N/A,N/A
40.485,12020,466.230,291.971,0.363,4.556,53.000,N/A,4294.000,N/A,25.000,32.000,2625.000,11201.000,0.960,0.000,0.000,N/A,N/A,N/A,N/A,N/A,N/A,N/A
40.998,12020,454.525,270.922,0.292,4.612,55.000,N/A,4318.000,N/A,25.000,32.000,2625.000,11201.000,0.960,0.000,0.000,N/A,N/A,N/A,N/A,N/A,N/A,N/A
41.500,12020,451.412,253.306,0.367,4.732,54.000,N/A,4292.000,N/A,24.000,32.000,2625.000,11201.000,0.960,0.000,0.000,N/A,N/A,N/A,N/A,N/A,N/A,N/A
42.003,12020,460.580,298.205,0.350,4.412,55.000,N/A,4297.000,N/A,24.000,32.000,2625.000,11201.000,0.960,0.000,0.000,N/A,N/A,N/A,N/A,N/A,N/A,N/A
42.517,12020,463.900,301.042,0.299,4.597,55.000,N/A,4293.000,N/A,25.000,32.000,2625.000,11201.000,0.960,0.000,0.000,N/A,N/A,N/A,N/A,N/A,N/A,N/A
43.017,12020,469.761,286.369,0.245,4.475,54.000,N/A,4279.000,N/A,24.000,32.000,2625.000,11201.000,0.960,0.000,0.000,N/A,N/A,N/A,N/A,N/A,N/A,N/A
43.521,12020,454.968,274.627,0.389,4.691,53.000,N/A,4282.000,N/A,24.000,32.000,2625.000,11201.000,0.960,0.000,0.000,N/A,N/A,N/A,N/A,N/A,N/A,N/A
44.021,12020,446.937,288.550,0.403,4.572,54.000,N/A,4274.000,N/A,23.000,32.000,2625.000,11201.000,0.960,0.000,0.000,N/A,N/A,N/A,N/A,N/A,N/A,N/A
44.537,12020,443.480,265.541,0.348,4.519,54.000,N/A,4303.000,N/A,23.000,32.000,2625.000,11201.000,0.960,0.000,0.000,N/A,N/A,N/A,N/A,N/A,N/A,N/A
45.040,12020,451.097,275.984,0.390,4.575,54.000,N/A,4303.000,N/A,23.000,32.000,2625.000,11201.000,0.960,0.000,0.000,N/A,N/A,N/A,N/A,N/A,N/A,N/A
45.541,12020,458.308,291.078,0.355,4.399,54.000,N/A,4276.000,N/A,24.000,32.000,2625.000,11201.000,0.960,0.000,0.000,N/A,N/A,N/A,N/A,N/A,N/A,N/A
46.042,12020,446.094,259.713,0.248,4.705,54.000,N/A,4271.000,N/A,23.000,32.000,2625.000,11201.000,0.960,0.000,0.000,N/A,N/A,N/A,N/A,N/A,N/A,N/A
46.545,12020,439.399,261.856,0.251,4.848,53.000,N/A,4277.000,N/A,23.000,32.000,2625.000,11201.000,0.960,0.000,0.000,N/A,N/A,N/A,N/A,N/A,N/A,N/A
47.049,12020,437.087,272.978,0.391,4.872,55.000,N/A,4269.000,N/A,23.000,32.000,2625.000,11201.000,0.960,0.000,0.000,N/A,N/A,N/A,N/A,N/A,N/A,N/A
47.552,12020,446.223,210.846,0.366,4.847,53.000,N/A,4287.000,N/A,22.000,32.000,2625.000,11201.000,0.960,0.000,0.000,N/A,N/A,N/A,N/A,N/A,N/A,N/A
48.054,12020,461.130,288.625,0.303,4.711,54.000,N/A,4285.000,N/A,24.000,32.000,2625.000,11201.000,0.960,0.000,0.000,N/A,N/A,N/A,N/A,N/A,N/A,N/A
48.558,12020,445.097,270.849,0.306,4.785,54.000,N/A,4275.000,N/A,24.000,32.000,2625.000,11201.000,0.960,0.000,0.000,N/A,N/A,N/A,N/A,N/A,N/A,N/A
49.060,12020,457.275,293.643,0.320,4.550,54.000,N/A,4275.000,N/A,24.000,32.000,2625.000,11201.000,0.960,0.000,0.000,N/A,N/A,N/A,N/A,N/A,N/A,N/A
49.576,12020,456.527,302.097,0.373,4.766,54.000,N/A,4305.000,N/A,23.000,32.000,2625.000,11201.000,0.960,0.000,0.000,N/A,N/A,N/A,N/A,N/A,N/A,N/A
50.088,12020,460.259,297.424,0.372,4.661,55.000,N/A,4301.000,N/A,24.000,32.000,2625.000,11201.000,0.960,0.000,0.000,N/A,N/A,N/A,N/A,N/A,N/A,N/A
50.589,12020,478.333,301.768,0.299,4.492,54.000,N/A,4282.000,N/A,25.000,32.000,2625.000,11201.000,0.960,0.000,0.000,N/A,N/A,N/A,N/A,N/A,N/A,N/A
51.104,12020,475.913,267.187,0.293,4.504,54.000,N/A,4276.000,N/A,24.000,32.000,2625.000,11201.000,0.960,0.000,0.000,N/A,N/A,N/A,N/A,N/A,N/A,N/A
51.606,12020,454.410,284.357,0.248,4.490,53.000,N/A,4275.000,N/A,24.000,32.000,2625.000,11201.000,0.960,0.000,0.000,N/A,N/A,N/A,N/A,N/A,N/A,N/A
52.118,12020,455.304,302.883,0.328,4.651,55.000,N/A,4293.000,N/A,24.000,32.000,2625.000,11201.000,0.960,0.000,0.000,N/A,N/A,N/A,N/A,N/A,N/A,N/A
52.620,12020,450.373,278.435,0.385,4.666,55.000,N/A,4273.000,N/A,24.000,32.000,2625.000,11201.000,0.960,0.000,0.000,N/A,N/A,N/A,N/A,N/A,N/A,N/A
53.121,12020,458.341,290.032,0.289,4.719,54.000,N/A,4280.000,N/A,24.000,32.000,2625.000,11201.000,0.960,0.000,0.000,N/A,N/A,N/A,N/A,N/A,N/A,N/A
53.636,12020,474.991,304.488,0.356,4.574,55.000,N/A,4283.000,N/A,25.000,32.000,2625.000,11201.000,0.960,0.000,0.000,N/A,N/A,N/A,N/A,N/A,N/A,N/A
54.151,12020,452.522,304.869,0.246,4.744,54.000,N/A,4280.000,N/A,24.000,32.000,2625.000,11201.000,0.960,0.000,0.000,N/A,N/A,N/A,N/A,N/A,N/A,N/A
54.652,12020,451.045,273.770,0.324,4.619,55.000,N/A,4290.000,N/A,23.000,32.000,2625.000,11201.000,0.960,0.000,0.000,N/A,N/A,N/A,N/A,N/A,N/A,N/A
55.167,12020,467.285,268.521,0.248,4.569,54.000,N/A,4266.000,N/A,24.000,32.000,2625.000,11201.000,0.960,0.000,0.000,N/A,N/A,N/A,N/A,N/A,N/A,N/A
55.680,12020,483.830,305.483,0.317,4.458,57.000,N/A,4307.000,N/A,25.000,32.000,2625.000,11201.000,0.960,0.000,0.000,N/A,N/A,N/A,N/A,N/A,N/A,N/A
56.181,12020,473.691,311.964,0.318,4.512,56.000,N/A,4298.000,N/A,23.000,32.000,2625.000,11201.000,0.960,0.000,0.000,N/A,N/A,N/A,N/A,N/A,N/A,N/A
56.682,12020,464.501,270.219,0.312,4.511,55.000,N/A,4292.000,N/A,25.000,32.000,2625.000,11201.000,0.960,0.000,0.000,N/A,N/A,N/A,N/A,N/A,N/A,N/A
57.197,12020,453.665,301.905,0.364,4.573,54.000,N/A,4279.000,N/A,23.000,32.000,2625.000,11201.000,0.960,0.000,0.000,N/A,N/A,N/A,N/A,N/A,N/A,N/A
57.701,12020,449.621,285.193,0.301,4.811,54.000,N/A,4302.000,N/A,23.000,32.000,2625.000,11201.000,0.960,0.000,0.000,N/A,N/A,N/A,N/A,N/A,N/A,N/A
58.216,12020,486.885,328.364,0.292,4.689,57.000,N/A,4313.000,N/A,24.000,32.000,2625.000,11201.000,0.960,0.000,0.000,N/A,N/A,N/A,N/A,N/A,N/A,N/A
58.719,12020,472.169,310.241,0.344,4.527,55.000,N/A,4292.000,N/A,25.000,32.000,2625.000,11201.000,0.960,0.000,0.000,N/A,N/A,N/A,N/A,N/A,N/A,N/A
59.234,12020,478.830,321.730,0.329,4.378,54.000,N/A,4262.000,N/A,24.000,32.000,2625.000,11201.000,0.960,0.000,0.000,N/A,N/A,N/A,N/A,N/A,N/A,N/A
59.749,12020,463.258,281.405,0.344,4.172,55.000,N/A,4283.000,N/A,24.000,32.000,2625.000,11201.000,0.960,0.000,0.000,N/A,N/A,N/A,N/A,N/A,N/A,N/A
60.251,12020,438.289,301.395,0.437,4.217,56.000,N/A,4284.000,N/A,25.000,32.000,2625.000,11201.000,0.960,0.000,0.000,N/A,N/A,N/A,N/A,N/A,N/A,N/A
60.766,12020,457.317,259.659,0.276,4.321,54.000,N/A,4250.000,N/A,22.000,32.000,2625.000,11201.000,0.960,0.000,0.000,N/A,N/A,N/A,N/A,N/A,N/A,N/A
61.269,12020,457.806,303.453,0.289,4.302,54.000,N/A,4273.000,N/A,25.000,32.000,2625.000,11201.000,0.960,0.000,0.000,N/A,N/A,N/A,N/A,N/A,N/A,N/A
61.770,12020,471.031,272.153,0.334,4.300,54.000,N/A,4259.000,N/A,24.000,32.000,2625.000,11201.000,0.960,0.000,0.000,N/A,N/A,N/A,N/A,N/A,N/A,N/A
62.270,12020,464.400,289.931,0.303,4.316,55.000,N/A,4274.000,N/A,23.000,32.000,2625.000,11201.000,0.960,0.000,0.000,N/A,N/A,N/A,N/A,N/A,N/A,N/A
62.773,12020,446.363,279.525,0.361,4.489,54.000,N/A,4292.000,N/A,23.000,32.000,2625.000,11201.000,0.960,0.000,0.000,N/A,N/A,N/A,N/A,N/A,N/A,N/A
63.274,12020,458.003,285.968,0.294,4.500,67.000,N/A,4398.000,N/A,23.000,32.000,2625.000,11201.000,0.960,0.000,0.000,N/A,N/A,N/A,N/A,N/A,N/A,N/A
63.777,12020,467.945,297.779,0.342,4.346,70.000,N/A,4440.000,N/A,25.000,32.000,2625.000,11201.000,0.960,0.000,0.000,N/A,N/A,N/A,N/A,N/A,N/A,N/A
64.278,12020,477.616,289.939,0.324,4.179,70.000,N/A,4445.000,N/A,25.000,32.000,2625.000,11201.000,0.960,0.000,0.000,N/A,N/A,N/A,N/A,N/A,N/A,N/A
64.783,12020,452.467,275.330,0.326,4.456,71.000,N/A,4437.000,N/A,26.000,32.000,2625.000,11201.000,0.960,0.000,0.000,N/A,N/A,N/A,N/A,N/A,N/A,N/A
65.287,12020,434.010,223.654,0.332,4.536,69.000,N/A,4428.000,N/A,24.000,32.000,2625.000,11201.000,0.960,0.000,0.000,N/A,N/A,N/A,N/A,N/A,N/A,N/A
65.790,12020,427.371,264.340,0.303,4.581,69.000,N/A,4426.000,N/A,22.000,32.000,2625.000,11201.000,0.960,0.000,0.000,N/A,N/A,N/A,N/A,N/A,N/A,N/A
66.291,12020,436.872,259.249,0.304,4.535,71.000,N/A,4455.000,N/A,22.000,32.000,2625.000,11201.000,0.960,0.000,0.000,N/A,N/A,N/A,N/A,N/A,N/A,N/A
66.795,12020,443.801,299.545,0.351,4.473,69.000,N/A,4424.000,N/A,23.000,32.000,2625.000,11201.000,0.960,0.000,0.000,N/A,N/A,N/A,N/A,N/A,N/A,N/A
67.309,12020,463.229,285.959,0.245,4.363,54.000,N/A,4267.000,N/A,25.000,32.000,2625.000,11201.000,0.960,0.000,0.000,N/A,N/A,N/A,N/A,N/A,N/A,N/A
67.824,12020,442.748,282.438,0.348,4.756,54.000,N/A,4272.000,N/A,24.000,32.000,2625.000,11201.000,0.960,0.000,0.000,N/A,N/A,N/A,N/A,N/A,N/A,N/A
68.326,12020,429.762,211.569,0.394,4.936,53.000,N/A,4265.000,N/A,23.000,32.000,2625.000,11201.000,0.960,0.000,0.000,N/A,N/A,N/A,N/A,N/A,N/A,N/A
68.828,12020,482.639,296.842,0.355,4.532,54.000,N/A,4272.000,N/A,23.000,32.000,2625.000,11201.000,0.960,0.000,0.000,N/A,N/A,N/A,N/A,N/A,N/A,N/A
69.329,12020,474.967,304.794,0.455,4.428,56.000,N/A,4292.000,N/A,25.000,32.000,2625.000,11201.000,0.960,0.000,0.000,N/A,N/A,N/A,N/A,N/A,N/A,N/A
69.844,12020,465.164,277.223,0.249,4.310,53.000,N/A,4276.000,N/A,25.000,32.000,2625.000,11201.000,0.960,0.000,0.000,N/A,N/A,N/A,N/A,N/A,N/A,N/A
70.346,12020,452.737,277.724,0.308,4.454,55.000,N/A,4298.000,N/A,25.000,32.000,2625.000,11201.000,0.960,0.000,0.000,N/A,N/A,N/A,N/A,N/A,N/A,N/A
70.850,12020,438.836,274.763,0.353,4.556,54.000,N/A,4287.000,N/A,23.000,32.000,2625.000,11201.000,0.960,0.000,0.000,N/A,N/A,N/A,N/A,N/A,N/A,N/A
71.351,12020,459.541,301.414,0.358,4.500,54.000,N/A,4281.000,N/A,23.000,32.000,2625.000,11201.000,0.960,0.000,0.000,N/A,N/A,N/A,N/A,N/A,N/A,N/A
71.852,12020,480.046,302.115,0.340,4.113,55.000,N/A,4290.000,N/A,24.000,32.000,2625.000,11201.000,0.960,0.000,0.000,N/A,N/A,N/A,N/A,N/A,N/A,N/A
72.367,12020,482.237,300.725,0.248,4.056,54.000,N/A,4299.000,N/A,25.000,32.000,2625.000,11201.000,0.960,0.000,0.000,N/A,N/A,N/A,N/A,N/A,N/A,N/A
72.882,12020,464.496,281.183,0.245,4.322,55.000,N/A,4273.000,N/A,25.000,32.000,2625.000,11201.000,0.960,0.000,0.000,N/A,N/A,N/A,N/A,N/A,N/A,N/A
73.385,12020,454.305,284.422,0.292,4.258,53.000,N/A,4277.000,N/A,25.000,32.000,2625.000,11201.000,0.960,0.000,0.000,N/A,N/A,N/A,N/A,N/A,N/A,N/A
73.885,12020,465.937,285.845,0.346,4.325,54.000,N/A,4301.000,N/A,23.000,32.000,2625.000,11201.000,0.960,0.000,0.000,N/A,N/A,N/A,N/A,N/A,N/A,N/A
74.401,12020,461.313,284.212,0.347,4.386,54.000,N/A,4295.000,N/A,25.000,32.000,2625.000,11201.000,0.960,0.000,0.000,N/A,N/A,N/A,N/A,N/A,N/A,N/A
74.914,12020,461.528,263.033,0.344,4.163,55.000,N/A,4289.000,N/A,24.000,32.000,2625.000,11201.000,0.960,0.000,0.000,N/A,N/A,N/A,N/A,N/A,N/A,N/A
75.429,12020,456.654,272.079,0.304,4.281,54.000,N/A,4263.000,N/A,24.000,32.000,2625.000,11201.000,0.960,0.000,0.000,N/A,N/A,N/A,N/A,N/A,N/A,N/A
75.932,12020,447.861,253.024,0.327,4.412,54.000,N/A,4268.000,N/A,24.000,32.000,2625.000,11201.000,0.960,0.000,0.000,N/A,N/A,N/A,N/A,N/A,N/A,N/A
76.435,12020,454.820,285.437,0.317,4.333,54.000,N/A,4273.000,N/A,23.000,32.000,2625.000,11201.000,0.960,0.000,0.000,N/A,N/A,N/A,N/A,N/A,N/A,N/A
76.937,12020,479.356,323.929,0.350,4.437,55.000,N/A,4296.000,N/A,24.000,32.000,2625.000,11201.000,0.960,0.000,0.000,N/A,N/A,N/A,N/A,N/A,N/A,N/A
77.439,12020,476.624,294.898,0.455,4.270,56.000,N/A,4305.000,N/A,25.000,32.000,2625.000,11201.000,0.960,0.000,0.000,N/A,N/A,N/A,N/A,N/A,N/A,N/A
77.940,12020,469.123,288.709,0.403,4.437,54.000,N/A,4299.000,N/A,25.000,32.000,2625.000,11201.000,0.960,0.000,0.000,N/A,N/A,N/A,N/A,N/A,N/A,N/A
78.443,12020,454.032,289.176,0.394,4.402,53.000,N/A,4266.000,N/A,24.000,32.000,2625.000,11201.000,0.960,0.000,0.000,N/A,N/A,N/A,N/A,N/A,N/A,N/A
78.948,12020,452.661,279.298,0.249,4.230,54.000,N/A,4268.000,N/A,23.000,32.000,2625.000,11201.000,0.960,0.000,0.000,N/A,N/A,N/A,N/A,N/A,N/A,N/A
79.450,12020,450.145,273.523,0.339,4.344,54.000,N/A,4287.000,N/A,23.000,32.000,2625.000,11201.000,0.960,0.000,0.000,N/A,N/A,N/A,N/A,N/A,N/A,N/A
79.950,12020,464.703,303.961,0.342,4.096,54.000,N/A,4281.000,N/A,23.000,32.000,2625.000,11201.000,0.960,0.000,0.000,N/A,N/A,N/A,N/A,N/A,N/A,N/A
80.465,12020,462.713,268.312,0.249,4.171,54.000,N/A,4276.000,N/A,24.000,32.000,2625.000,11201.000,0.960,0.000,0.000,N/A,N/A,N/A,N/A,N/A,N/A,N/A
80.981,12020,459.181,276.725,0.373,4.352,55.000,N/A,4286.000,N/A,24.000,32.000,2625.000,11201.000,0.960,0.000,0.000,N/A,N/A,N/A,N/A,N/A,N/A,N/A
81.481,12020,451.284,282.095,0.370,4.438,54.000,N/A,4278.000,N/A,24.000,32.000,2625.000,11201.000,0.960,0.000,0.000,N/A,N/A,N/A,N/A,N/A,N/A,N/A
81.987,12020,459.414,280.978,0.368,4.343,55.000,N/A,4273.000,N/A,23.000,32.000,2625.000,11201.000,0.960,0.000,0.000,N/A,N/A,N/A,N/A,N/A,N/A,N/A
82.489,12020,469.682,304.007,0.286,4.390,54.000,N/A,4290.000,N/A,25.000,32.000,2625.000,11201.000,0.960,0.000,0.000,N/A,N/A,N/A,N/A,N/A,N/A,N/A
82.991,12020,472.156,289.813,0.305,4.234,54.000,N/A,4284.000,N/A,25.000,32.000,2625.000,11201.000,0.960,0.000,0.000,N/A,N/A,N/A,N/A,N/A,N/A,N/A
83.492,12020,462.825,267.208,0.374,4.378,54.000,N/A,4263.000,N/A,25.000,32.000,2625.000,11201.000,0.960,0.000,0.000,N/A,N/A,N/A,N/A,N/A,N/A,N/A
84.006,12020,453.252,262.598,0.282,4.604,55.000,N/A,4288.000,N/A,24.000,32.000,2625.000,11201.000,0.960,0.000,0.000,N/A,N/A,N/A,N/A,N/A,N/A,N/A
84.509,12020,434.109,264.173,0.243,4.621,54.000,N/A,4300.000,N/A,23.000,32.000,2625.000,11201.000,0.960,0.000,0.000,N/A,N/A,N/A,N/A,N/A,N/A,N/A
85.009,12020,434.828,276.518,0.343,4.506,54.000,N/A,4278.000,N/A,23.000,32.000,2625.000,11201.000,0.960,0.000,0.000,N/A,N/A,N/A,N/A,N/A,N/A,N/A
85.525,12020,453.050,273.448,0.248,4.585,53.000,N/A,4269.000,N/A,23.000,32.000,2625.000,11201.000,0.960,0.000,0.000,N/A,N/A,N/A,N/A,N/A,N/A,N/A
86.040,12020,466.933,277.762,0.357,4.505,55.000,N/A,4290.000,N/A,24.000,32.000,2625.000,11201.000,0.960,0.000,0.000,N/A,N/A,N/A,N/A,N/A,N/A,N/A
86.542,12020,440.629,242.225,0.247,4.584,53.000,N/A,4283.000,N/A,25.000,32.000,2625.000,11201.000,0.960,0.000,0.000,N/A,N/A,N/A,N/A,N/A,N/A,N/A
87.058,12020,432.403,242.677,0.340,4.864,54.000,N/A,4278.000,N/A,22.000,32.000,2625.000,11201.000,0.960,0.000,0.000,N/A,N/A,N/A,N/A,N/A,N/A,N/A
87.559,12020,441.567,261.821,0.253,4.624,53.000,N/A,4282.000,N/A,22.000,32.000,2625.000,11201.000,0.960,0.000,0.000,N/A,N/A,N/A,N/A,N/A,N/A,N/A
88.059,12020,453.524,289.126,0.374,4.564,54.000,N/A,4272.000,N/A,23.000,32.000,2625.000,11201.000,0.960,0.000,0.000,N/A,N/A,N/A,N/A,N/A,N/A,N/A
88.560,12020,464.013,292.415,0.395,4.631,54.000,N/A,4263.000,N/A,24.000,32.000,2625.000,11201.000,0.960,0.000,0.000,N/A,N/A,N/A,N/A,N/A,N/A,N/A
89.076,12020,452.311,262.660,0.298,4.530,54.000,N/A,4269.000,N/A,25.000,32.000,2625.000,11201.000,0.960,0.000,0.000,N/A,N/A,N/A,N/A,N/A,N/A,N/A
89.591,12020,448.640,277.408,0.248,4.479,54.000,N/A,4294.000,N/A,24.000,32.000,2625.000,11201.000,0.960,0.000,0.000,N/A,N/A,N/A,N/A,N/A,N/A,N/A
90.106,12020,448.850,266.816,0.348,4.434,54.000,N/A,4275.000,N/A,23.000,32.000,2625.000,11201.000,0.960,0.000,0.000,N/A,N/A,N/A,N/A,N/A,N/A,N/A
90.608,12020,474.445,315.836,0.362,4.236,53.000,N/A,4275.000,N/A,24.000,32.000,2625.000,11201.000,0.960,0.000,0.000,N/A,N/A,N/A,N/A,N/A,N/A,N/A
91.110,12020,475.700,314.199,0.388,4.331,55.000,N/A,4280.000,N/A,24.000,32.000,2625.000,11201.000,0.960,0.000,0.000,N/A,N/A,N/A,N/A,N/A,N/A,N/A
91.611,12020,469.628,307.295,0.378,4.352,54.000,N/A,4279.000,N/A,25.000,33.000,2625.000,11201.000,0.960,0.000,0.000,N/A,N/A,N/A,N/A,N/A,N/A,N/A
92.127,12020,452.516,276.863,0.352,4.299,54.000,N/A,4287.000,N/A,24.000,32.000,2625.000,11201.000,0.960,0.000,0.000,N/A,N/A,N/A,N/A,N/A,N/A,N/A
92.642,12020,446.956,289.444,0.299,4.237,55.000,N/A,4288.000,N/A,23.000,32.000,2625.000,11201.000,0.960,0.000,0.000,N/A,N/A,N/A,N/A,N/A,N/A,N/A
93.142,12020,454.550,316.897,0.393,4.256,54.000,N/A,4288.000,N/A,24.000,32.000,2625.000,11201.000,0.960,0.000,0.000,N/A,N/A,N/A,N/A,N/A,N/A,N/A
93.643,12020,458.613,260.974,0.312,4.294,54.000,N/A,4276.000,N/A,25.000,32.000,2625.000,11201.000,0.960,0.000,0.000,N/A,N/A,N/A,N/A,N/A,N/A,N/A
94.144,12020,472.830,295.133,0.252,4.210,54.000,N/A,4277.000,N/A,24.000,32.000,2625.000,11201.000,0.960,0.000,0.000,N/A,N/A,N/A,N/A,N/A,N/A,N/A
94.659,12020,459.914,278.482,0.334,4.650,54.000,N/A,4268.000,N/A,26.000,32.000,2625.000,11201.000,0.960,0.000,0.000,N/A,N/A,N/A,N/A,N/A,N/A,N/A
95.164,12020,455.841,283.062,0.324,4.615,54.000,N/A,4286.000,N/A,24.000,32.000,2625.000,11201.000,0.960,0.000,0.000,N/A,N/A,N/A,N/A,N/A,N/A,N/A
95.678,12020,462.015,264.669,0.364,4.637,55.000,N/A,4274.000,N/A,24.000,32.000,2625.000,11201.000,0.960,0.000,0.000,N/A,N/A,N/A,N/A,N/A,N/A,N/A
96.179,12020,481.444,309.962,0.345,4.797,55.000,N/A,4275.000,N/A,24.000,32.000,2625.000,11201.000,0.960,0.000,0.000,N/A,N/A,N/A,N/A,N/A,N/A,N/A
96.690,12020,469.355,272.346,0.337,4.801,55.000,N/A,4286.000,N/A,25.000,33.000,2625.000,11201.000,0.960,0.000,0.000,N/A,N/A,N/A,N/A,N/A,N/A,N/A
97.195,12020,464.593,301.150,0.306,4.744,54.000,N/A,4285.000,N/A,24.000,33.000,2625.000,11201.000,0.960,0.000,0.000,N/A,N/A,N/A,N/A,N/A,N/A,N/A
97.696,12020,441.788,227.905,0.364,4.766,54.000,N/A,4292.000,N/A,24.000,32.000,2625.000,11201.000,0.960,0.000,0.000,N/A,N/A,N/A,N/A,N/A,N/A,N/A
98.199,12020,445.524,296.965,0.305,4.627,54.000,N/A,4270.000,N/A,24.000,32.000,2625.000,11201.000,0.960,0.000,0.000,N/A,N/A,N/A,N/A,N/A,N/A,N/A
98.700,12020,479.459,295.386,0.305,4.431,53.000,N/A,4271.000,N/A,24.000,32.000,2625.000,11201.000,0.960,0.000,0.000,N/A,N/A,N/A,N/A,N/A,N/A,N/A
99.216,12020,477.836,313.962,0.351,4.571,55.000,N/A,4295.000,N/A,25.000,33.000,2625.000,11201.000,0.960,0.000,0.000,N/A,N/A,N/A,N/A,N/A,N/A,N/A
99.731,12020,459.489,284.277,0.346,4.583,54.000,N/A,4273.000,N/A,25.000,33.000,2625.000,11201.000,0.960,0.000,0.000,N/A,N/A,N/A,N/A,N/A,N/A,N/A
100.232,12020,451.566,291.494,0.296,4.401,55.000,N/A,4291.000,N/A,24.000,33.000,2625.000,11201.000,0.960,0.000,0.000,N/A,N/A,N/A,N/A,N/A,N/A,N/A
100.747,12020,457.660,271.496,0.248,4.496,54.000,N/A,4256.000,N/A,23.000,32.000,2625.000,11201.000,0.960,0.000,0.000,N/A,N/A,N/A,N/A,N/A,N/A,N/A
101.249,12020,470.868,277.262,0.389,4.345,54.000,N/A,4295.000,N/A,24.000,32.000,2625.000,11201.000,0.960,0.000,0.000,N/A,N/A,N/A,N/A,N/A,N/A,N/A
101.764,12020,455.120,249.246,0.348,4.327,55.000,N/A,4309.000,N/A,24.000,33.000,2625.000,11201.000,0.960,0.000,0.000,N/A,N/A,N/A,N/A,N/A,N/A,N/A
102.280,12020,455.884,291.698,0.372,4.330,54.000,N/A,4272.000,N/A,24.000,32.000,2625.000,11201.000,0.960,0.000,0.000,N/A,N/A,N/A,N/A,N/A,N/A,N/A
102.795,12020,464.488,262.013,0.291,4.451,55.000,N/A,4281.000,N/A,24.000,32.000,2625.000,11201.000,0.960,0.000,0.000,N/A,N/A,N/A,N/A,N/A,N/A,N/A
103.296,12020,456.352,278.544,0.314,4.446,54.000,N/A,4300.000,N/A,24.000,32.000,2625.000,11201.000,0.960,0.000,0.000,N/A,N/A,N/A,N/A,N/A,N/A,N/A
103.797,12020,473.626,313.489,0.401,4.431,54.000,N/A,4280.000,N/A,24.000,33.000,2625.000,11201.000,0.960,0.000,0.000,N/A,N/A,N/A,N/A,N/A,N/A,N/A
104.313,12020,475.745,325.489,0.373,4.446,55.000,N/A,4281.000,N/A,23.000,32.000,2625.000,11201.000,0.960,0.000,0.000,N/A,N/A,N/A,N/A,N/A,N/A,N/A
104.815,12020,484.969,328.958,0.392,4.222,56.000,N/A,4303.000,N/A,25.000,32.000,2625.000,11201.000,0.960,0.000,0.000,N/A,N/A,N/A,N/A,N/A,N/A,N/A
105.330,12020,454.379,253.717,0.313,4.491,55.000,N/A,4299.000,N/A,25.000,33.000,2625.000,11201.000,0.960,0.000,0.000,N/A,N/A,N/A,N/A,N/A,N/A,N/A
105.833,12020,434.290,275.361,0.252,4.663,54.000,N/A,4272.000,N/A,24.000,32.000,2625.000,11201.000,0.960,0.000,0.000,N/A,N/A,N/A,N/A,N/A,N/A,N/A
106.334,12020,427.797,288.867,0.303,4.907,54.000,N/A,4301.000,N/A,22.000,32.000,2625.000,11201.000,0.960,0.000,0.000,N/A,N/A,N/A,N/A,N/A,N/A,N/A
106.837,12020,433.396,284.884,0.340,5.012,54.000,N/A,4279.000,N/A,22.000,32.000,2625.000,11201.000,0.960,0.000,0.000,N/A,N/A,N/A,N/A,N/A,N/A,N/A
107.339,12020,452.303,267.280,0.310,4.912,53.000,N/A,4272.000,N/A,23.000,32.000,2625.000,11201.000,0.960,0.000,0.000,N/A,N/A,N/A,N/A,N/A,N/A,N/A
107.841,12020,443.921,288.384,0.392,4.856,53.000,N/A,4280.000,N/A,24.000,32.000,2625.000,11201.000,0.960,0.000,0.000,N/A,N/A,N/A,N/A,N/A,N/A,N/A
108.344,12020,432.210,255.617,0.282,4.903,53.000,N/A,4277.000,N/A,24.000,32.000,2625.000,11201.000,0.960,0.000,0.000,N/A,N/A,N/A,N/A,N/A,N/A,N/A
108.858,12020,434.256,202.708,0.245,4.743,53.000,N/A,4264.000,N/A,23.000,32.000,2625.000,11201.000,0.960,0.000,0.000,N/A,N/A,N/A,N/A,N/A,N/A,N/A
109.358,12020,466.751,255.245,0.348,4.429,53.000,N/A,4273.000,N/A,23.000,32.000,2625.000,11201.000,0.960,0.000,0.000,N/A,N/A,N/A,N/A,N/A,N/A,N/A
109.858,12020,473.232,315.318,0.251,4.129,54.000,N/A,4286.000,N/A,24.000,33.000,2625.000,11201.000,0.960,0.000,0.000,N/A,N/A,N/A,N/A,N/A,N/A,N/A
110.373,12020,453.530,273.868,0.342,4.217,53.000,N/A,4283.000,N/A,25.000,33.000,2625.000,11201.000,0.960,0.000,0.000,N/A,N/A,N/A,N/A,N/A,N/A,N/A
110.888,12020,451.302,302.078,0.273,4.285,54.000,N/A,4276.000,N/A,24.000,32.000,2625.000,11201.000,0.960,0.000,0.000,N/A,N/A,N/A,N/A,N/A,N/A,N/A
111.390,12020,444.203,238.419,0.340,4.365,54.000,N/A,4275.000,N/A,23.000,32.000,2625.000,11201.000,0.960,0.000,0.000,N/A,N/A,N/A,N/A,N/A,N/A,N/A
111.894,12020,468.503,270.995,0.293,4.274,55.000,N/A,4277.000,N/A,23.000,32.000,2625.000,11201.000,0.960,0.000,0.000,N/A,N/A,N/A,N/A,N/A,N/A,N/A
112.409,12020,465.353,313.982,0.315,4.292,54.000,N/A,4283.000,N/A,24.000,32.000,2625.000,11201.000,0.960,0.000,0.000,N/A,N/A,N/A,N/A,N/A,N/A,N/A
112.912,12020,470.999,300.318,0.343,4.329,54.000,N/A,4259.000,N/A,24.000,33.000,2625.000,11201.000,0.960,0.000,0.000,N/A,N/A,N/A,N/A,N/A,N/A,N/A
113.426,12020,458.803,270.592,0.392,4.270,54.000,N/A,4275.000,N/A,25.000,33.000,2625.000,11201.000,0.960,0.000,0.000,N/A,N/A,N/A,N/A,N/A,N/A,N/A
113.928,12020,449.534,273.224,0.338,4.344,54.000,N/A,4269.000,N/A,25.000,32.000,2625.000,11201.000,0.960,0.000,0.000,N/A,N/A,N/A,N/A,N/A,N/A,N/A
114.443,12020,460.890,315.906,0.355,4.383,54.000,N/A,4295.000,N/A,23.000,32.000,2625.000,11201.000,0.960,0.000,0.000,N/A,N/A,N/A,N/A,N/A,N/A,N/A
114.945,12020,460.463,271.348,0.353,4.396,55.000,N/A,4281.000,N/A,24.000,33.000,2625.000,11201.000,0.960,0.000,0.000,N/A,N/A,N/A,N/A,N/A,N/A,N/A
115.459,12020,457.200,283.318,0.303,4.501,54.000,N/A,4270.000,N/A,24.000,33.000,2625.000,11201.000,0.960,0.000,0.000,N/A,N/A,N/A,N/A,N/A,N/A,N/A
115.960,12020,452.362,279.806,0.432,4.494,55.000,N/A,4272.000,N/A,24.000,32.000,2625.000,11201.000,0.960,0.000,0.000,N/A,N/A,N/A,N/A,N/A,N/A,N/A
116.465,12020,452.506,294.551,0.369,4.506,53.000,N/A,4274.000,N/A,24.000,32.000,2625.000,11201.000,0.960,0.000,0.000,N/A,N/A,N/A,N/A,N/A,N/A,N/A
116.966,12020,458.753,293.488,0.366,4.251,55.000,N/A,4278.000,N/A,24.000,32.000,2625.000,11201.000,0.960,0.000,0.000,N/A,N/A,N/A,N/A,N/A,N/A,N/A
117.469,12020,465.511,295.972,0.248,4.029,54.000,N/A,4284.000,N/A,24.000,32.000,2625.000,11201.000,0.960,0.000,0.000,N/A,N/A,N/A,N/A,N/A,N/A,N/A
117.970,12020,471.575,276.037,0.313,4.291,56.000,N/A,4269.000,N/A,25.000,33.000,2625.000,11201.000,0.960,0.000,0.000,N/A,N/A,N/A,N/A,N/A,N/A,N/A
118.472,12020,471.279,300.309,0.335,4.369,56.000,N/A,4292.000,N/A,25.000,33.000,2625.000,11201.000,0.960,0.000,0.000,N/A,N/A,N/A,N/A,N/A,N/A,N/A
118.973,12020,450.352,272.844,0.337,4.886,54.000,N/A,4276.000,N/A,25.000,33.000,2625.000,11201.000,0.960,0.000,0.000,N/A,N/A,N/A,N/A,N/A,N/A,N/A
119.477,12020,437.440,265.139,0.365,5.075,53.000,N/A,4280.000,N/A,24.000,32.000,2625.000,11201.000,0.960,0.000,0.000,N/A,N/A,N/A,N/A,N/A,N/A,N/A
119.992,12020,456.042,278.412,0.382,5.039,55.000,N/A,4272.000,N/A,24.000,32.000,2625.000,11201.000,0.960,0.000,0.000,N/A,N/A,N/A,N/A,N/A,N/A,N/A
120.506,12020,462.531,320.215,0.340,4.798,54.000,N/A,4279.000,N/A,24.000,32.000,2625.000,11201.000,0.960,0.000,0.000,N/A,N/A,N/A,N/A,N/A,N/A,N/A
121.018,12020,475.978,322.279,0.371,4.619,55.000,N/A,4291.000,N/A,25.000,33.000,2625.000,11201.000,0.960,0.000,0.000,N/A,N/A,N/A,N/A,N/A,N/A,N/A
121.521,12020,460.487,276.579,0.364,4.397,54.000,N/A,4269.000,N/A,25.000,33.000,2625.000,11201.000,0.960,0.000,0.000,N/A,N/A,N/A,N/A,N/A,N/A,N/A
122.024,12020,456.674,295.212,0.379,4.176,54.000,N/A,4289.000,N/A,25.000,33.000,2625.000,11201.000,0.960,0.000,0.000,N/A,N/A,N/A,N/A,N/A,N/A,N/A
122.525,12020,461.114,299.760,0.325,4.121,54.000,N/A,4298.000,N/A,24.000,33.000,2625.000,11201.000,0.960,0.000,0.000,N/A,N/A,N/A,N/A,N/A,N/A,N/A
123.027,12020,479.074,330.644,0.296,4.048,57.000,N/A,4316.000,N/A,25.000,32.000,2625.000,11201.000,0.960,0.000,0.000,N/A,N/A,N/A,N/A,N/A,N/A,N/A
123.541,12020,470.347,289.293,0.343,4.154,65.000,N/A,4420.000,N/A,23.000,33.000,2625.000,11201.000,0.960,0.000,0.000,N/A,N/A,N/A,N/A,N/A,N/A,N/A
124.043,12020,459.172,295.631,0.299,4.288,55.000,N/A,4279.000,N/A,24.000,33.000,2625.000,11201.000,0.960,0.000,0.000,N/A,N/A,N/A,N/A,N/A,N/A,N/A
124.556,12020,441.826,265.491,0.250,4.417,54.000,N/A,4277.000,N/A,23.000,32.000,2625.000,11201.000,0.960,0.000,0.000,N/A,N/A,N/A,N/A,N/A,N/A,N/A
125.058,12020,441.362,240.281,0.326,4.258,54.000,N/A,4265.000,N/A,23.000,32.000,2625.000,11201.000,0.960,0.000,0.000,N/A,N/A,N/A,N/A,N/A,N/A,N/A
125.559,12020,449.957,298.802,0.352,4.191,54.000,N/A,4284.000,N/A,23.000,32.000,2625.000,11201.000,0.960,0.000,0.000,N/A,N/A,N/A,N/A,N/A,N/A,N/A
126.072,12020,462.213,298.561,0.345,4.046,55.000,N/A,4289.000,N/A,24.000,32.000,2625.000,11201.000,0.960,0.000,0.000,N/A,N/A,N/A,N/A,N/A,N/A,N/A
126.587,12020,441.957,286.189,0.305,4.214,57.000,N/A,4319.000,N/A,24.000,32.000,2625.000,11201.000,0.960,0.000,0.000,N/A,N/A,N/A,N/A,N/A,N/A,N/A
127.089,12020,440.358,279.744,0.373,4.211,69.000,N/A,4426.000,N/A,24.000,32.000,2625.000,11201.000,0.960,0.000,0.000,N/A,N/A,N/A,N/A,N/A,N/A,N/A
127.590,12020,437.004,254.634,0.339,4.327,69.000,N/A,4423.000,N/A,23.000,32.000,2625.000,11201.000,0.960,0.000,0.000,N/A,N/A,N/A,N/A,N/A,N/A,N/A
128.091,12020,426.604,178.817,0.455,4.392,69.000,N/A,4431.000,N/A,23.000,33.000,2625.000,11201.000,0.960,0.000,0.000,N/A,N/A,N/A,N/A,N/A,N/A,N/A
128.605,12020,453.662,264.901,0.293,4.322,69.000,N/A,4408.000,N/A,21.000,32.000,2625.000,11201.000,0.960,0.000,0.000,N/A,N/A,N/A,N/A,N/A,N/A,N/A
129.106,12020,452.870,250.514,0.333,4.559,70.000,N/A,4442.000,N/A,24.000,32.000,2625.000,11201.000,0.960,0.000,0.000,N/A,N/A,N/A,N/A,N/A,N/A,N/A
129.610,12020,447.925,270.117,0.351,4.790,69.000,N/A,4430.000,N/A,23.000,33.000,2625.000,11201.000,0.960,0.000,0.000,N/A,N/A,N/A,N/A,N/A,N/A,N/A
130.115,12020,454.935,296.754,0.358,4.962,71.000,N/A,4442.000,N/A,24.000,32.000,2625.000,11201.000,0.960,0.000,0.000,N/A,N/A,N/A,N/A,N/A,N/A,N/A
130.615,12020,459.851,274.341,0.252,5.020,63.000,N/A,4366.000,N/A,24.000,33.000,2625.000,11201.000,0.960,0.000,0.000,N/A,N/A,N/A,N/A,N/A,N/A,N/A
131.131,12020,469.457,274.914,0.357,4.925,54.000,N/A,4278.000,N/A,24.000,32.000,2625.000,11201.000,0.960,0.000,0.000,N/A,N/A,N/A,N/A,N/A,N/A,N/A
131.633,12020,476.669,305.483,0.248,4.826,54.000,N/A,4272.000,N/A,25.000,33.000,2625.000,11201.000,0.960,0.000,0.000,N/A,N/A,N/A,N/A,N/A,N/A,N/A
132.135,12020,459.150,268.262,0.326,4.780,54.000,N/A,4294.000,N/A,25.000,33.000,2625.000,11201.000,0.960,0.000,0.000,N/A,N/A,N/A,N/A,N/A,N/A,N/A
132.640,12020,443.863,289.545,0.342,4.605,53.000,N/A,4257.000,N/A,24.000,33.000,2625.000,11201.000,0.960,0.000,0.000,N/A,N/A,N/A,N/A,N/A,N/A,N/A
133.144,12020,444.605,241.097,0.436,4.599,55.000,N/A,4271.000,N/A,23.000,32.000,2625.000,11201.000,0.960,0.000,0.000,N/A,N/A,N/A,N/A,N/A,N/A,N/A
133.658,12020,463.648,310.135,0.396,4.665,54.000,N/A,4272.000,N/A,23.000,32.000,2625.000,11201.000,0.960,0.000,0.000,N/A,N/A,N/A,N/A,N/A,N/A,N/A
134.160,12020,461.918,280.324,0.249,4.838,54.000,N/A,4301.000,N/A,25.000,33.000,2625.000,11201.000,0.960,0.000,0.000,N/A,N/A,N/A,N/A,N/A,N/A,N/A
134.660,12020,464.158,281.460,0.328,4.926,54.000,N/A,4279.000,N/A,24.000,33.000,2625.000,11201.000,0.960,0.000,0.000,N/A,N/A,N/A,N/A,N/A,N/A,N/A
135.162,12020,455.928,278.118,0.389,4.980,54.000,N/A,4304.000,N/A,25.000,33.000,2625.000,11201.000,0.960,0.000,0.000,N/A,N/A,N/A,N/A,N/A,N/A,N/A
135.664,12020,454.884,256.931,0.306,4.729,54.000,N/A,4276.000,N/A,24.000,33.000,2625.000,11201.000,0.960,0.000,0.000,N/A,N/A,N/A,N/A,N/A,N/A,N/A
136.179,12020,484.071,321.203,0.364,4.399,55.000,N/A,4298.000,N/A,24.000,33.000,2625.000,11201.000,0.960,0.000,0.000,N/A,N/A,N/A,N/A,N/A,N/A,N/A
136.694,12020,470.993,283.760,0.382,4.527,54.000,N/A,4289.000,N/A,25.000,33.000,2625.000,11201.000,0.960,0.000,0.000,N/A,N/A,N/A,N/A,N/A,N/A,N/A
137.199,12020,478.343,315.557,0.357,4.508,54.000,N/A,4289.000,N/A,25.000,33.000,2625.000,11201.000,0.960,0.000,0.000,N/A,N/A,N/A,N/A,N/A,N/A,N/A
137.700,12020,449.180,265.182,0.290,4.664,54.000,N/A,4301.000,N/A,25.000,33.000,2625.000,11201.000,0.960,0.000,0.000,N/A,N/A,N/A,N/A,N/A,N/A,N/A
138.207,12020,447.663,263.595,0.313,4.562,55.000,N/A,4292.000,N/A,24.000,33.000,2625.000,11201.000,0.960,0.000,0.000,N/A,N/A,N/A,N/A,N/A,N/A,N/A
138.707,12020,453.602,275.330,0.297,4.450,54.000,N/A,4307.000,N/A,23.000,32.000,2625.000,11201.000,0.960,0.000,0.000,N/A,N/A,N/A,N/A,N/A,N/A,N/A
139.213,12020,474.441,313.362,0.321,4.330,54.000,N/A,4274.000,N/A,24.000,33.000,2625.000,11201.000,0.960,0.000,0.000,N/A,N/A,N/A,N/A,N/A,N/A,N/A
139.713,12020,471.026,286.664,0.353,4.514,54.000,N/A,4301.000,N/A,25.000,33.000,2625.000,11201.000,0.960,0.000,0.000,N/A,N/A,N/A,N/A,N/A,N/A,N/A
140.215,12020,454.196,282.310,0.377,4.580,55.000,N/A,4289.000,N/A,25.000,33.000,2625.000,11201.000,0.960,0.000,0.000,N/A,N/A,N/A,N/A,N/A,N/A,N/A
140.717,12020,447.900,285.796,0.244,4.507,53.000,N/A,4273.000,N/A,24.000,33.000,2625.000,11201.000,0.960,0.000,0.000,N/A,N/A,N/A,N/A,N/A,N/A,N/A
141.220,12020,456.905,277.562,0.383,4.397,56.000,N/A,4289.000,N/A,24.000,33.000,2625.000,11201.000,0.960,0.000,0.000,N/A,N/A,N/A,N/A,N/A,N/A,N/A
141.735,12020,460.312,295.264,0.309,4.411,54.000,N/A,4266.000,N/A,23.000,32.000,2625.000,11201.000,0.960,0.000,0.000,N/A,N/A,N/A,N/A,N/A,N/A,N/A
142.238,12020,458.623,291.112,0.332,4.317,64.000,N/A,4416.000,N/A,25.000,33.000,2625.000,11201.000,0.960,0.000,0.000,N/A,N/A,N/A,N/A,N/A,N/A,N/A
142.739,12020,449.923,281.349,0.352,4.542,54.000,N/A,4280.000,N/A,24.000,33.000,2625.000,11201.000,0.960,0.000,0.000,N/A,N/A,N/A,N/A,N/A,N/A,N/A
143.254,12020,454.683,267.222,0.371,4.642,55.000,N/A,4308.000,N/A,23.000,32.000,2625.000,11201.000,0.960,0.000,0.000,N/A,N/A,N/A,N/A,N/A,N/A,N/A
143.768,12020,443.678,285.152,0.358,4.696,55.000,N/A,4282.000,N/A,23.000,33.000,2625.000,11201.000,0.960,0.000,0.000,N/A,N/A,N/A,N/A,N/A,N/A,N/A
144.269,12020,468.279,293.962,0.294,4.774,55.000,N/A,4284.000,N/A,24.000,32.000,2625.000,11201.000,0.960,0.000,0.000,N/A,N/A,N/A,N/A,N/A,N/A,N/A
144.784,12020,474.727,253.633,0.297,4.638,55.000,N/A,4291.000,N/A,24.000,33.000,2625.000,11201.000,0.960,0.000,0.000,N/A,N/A,N/A,N/A,N/A,N/A,N/A
145.285,12020,472.080,295.055,0.359,4.570,54.000,N/A,4281.000,N/A,25.000,33.000,2625.000,11201.000,0.960,0.000,0.000,N/A,N/A,N/A,N/A,N/A,N/A,N/A
145.787,12020,459.217,265.294,0.383,4.579,54.000,N/A,4274.000,N/A,25.000,33.000,2625.000,11201.000,0.960,0.000,0.000,N/A,N/A,N/A,N/A,N/A,N/A,N/A
146.291,12020,439.807,239.745,0.395,4.646,54.000,N/A,4272.000,N/A,25.000,33.000,2625.000,11201.000,0.960,0.000,0.000,N/A,N/A,N/A,N/A,N/A,N/A,N/A
146.794,12020,429.338,259.835,0.461,4.918,53.000,N/A,4266.000,N/A,24.000,33.000,2625.000,11201.000,0.960,0.000,0.000,N/A,N/A,N/A,N/A,N/A,N/A,N/A
147.308,12020,438.940,261.766,0.339,4.971,55.000,N/A,4274.000,N/A,22.000,32.000,2625.000,11201.000,0.960,0.000,0.000,N/A,N/A,N/A,N/A,N/A,N/A,N/A
147.823,12020,454.737,291.333,0.374,4.740,53.000,N/A,4259.000,N/A,23.000,33.000,2625.000,11201.000,0.960,0.000,0.000,N/A,N/A,N/A,N/A,N/A,N/A,N/A
148.325,12020,437.844,266.127,0.295,4.818,53.000,N/A,4255.000,N/A,23.000,32.000,2625.000,11201.000,0.960,0.000,0.000,N/A,N/A,N/A,N/A,N/A,N/A,N/A
148.827,12020,440.638,281.421,0.345,4.806,53.000,N/A,4252.000,N/A,24.000,32.000,2625.000,11201.000,0.960,0.000,0.000,N/A,N/A,N/A,N/A,N/A,N/A,N/A
149.328,12020,456.804,294.005,0.365,4.567,54.000,N/A,4267.000,N/A,23.000,33.000,2625.000,11201.000,0.960,0.000,0.000,N/A,N/A,N/A,N/A,N/A,N/A,N/A
149.843,12020,468.077,291.690,0.308,4.548,53.000,N/A,4268.000,N/A,23.000,32.000,2625.000,11201.000,0.960,0.000,0.000,N/A,N/A,N/A,N/A,N/A,N/A,N/A
150.359,12020,476.094,291.809,0.391,4.241,54.000,N/A,4285.000,N/A,25.000,33.000,2625.000,11201.000,0.960,0.000,0.000,N/A,N/A,N/A,N/A,N/A,N/A,N/A
150.861,12020,455.873,274.854,0.297,4.290,56.000,N/A,4288.000,N/A,25.000,33.000,2625.000,11201.000,0.960,0.000,0.000,N/A,N/A,N/A,N/A,N/A,N/A,N/A
151.362,12020,445.523,270.512,0.342,4.259,54.000,N/A,4269.000,N/A,24.000,33.000,2625.000,11201.000,0.960,0.000,0.000,N/A,N/A,N/A,N/A,N/A,N/A,N/A
151.865,12020,452.263,276.258,0.387,4.386,54.000,N/A,4277.000,N/A,24.000,33.000,2625.000,11201.000,0.960,0.000,0.000,N/A,N/A,N/A,N/A,N/A,N/A,N/A
152.367,12020,472.167,318.117,0.371,4.634,54.000,N/A,4279.000,N/A,24.000,32.000,2625.000,11201.000,0.960,0.000,0.000,N/A,N/A,N/A,N/A,N/A,N/A,N/A
152.869,12020,479.790,328.375,0.293,4.640,54.000,N/A,4298.000,N/A,24.000,33.000,2625.000,11201.000,0.960,0.000,0.000,N/A,N/A,N/A,N/A,N/A,N/A,N/A
153.372,12020,477.293,275.596,0.309,4.527,55.000,N/A,4287.000,N/A,25.000,33.000,2625.000,11201.000,0.960,0.000,0.000,N/A,N/A,N/A,N/A,N/A,N/A,N/A
153.872,12020,452.411,258.826,0.352,4.810,54.000,N/A,4282.000,N/A,25.000,33.000,2625.000,11201.000,0.960,0.000,0.000,N/A,N/A,N/A,N/A,N/A,N/A,N/A
154.376,12020,462.413,287.158,0.303,4.620,56.000,N/A,4294.000,N/A,24.000,33.000,2625.000,11201.000,0.960,0.000,0.000,N/A,N/A,N/A,N/A,N/A,N/A,N/A
154.890,12020,451.855,276.962,0.299,4.621,53.000,N/A,4278.000,N/A,24.000,32.000,2625.000,11201.000,0.960,0.000,0.000,N/A,N/A,N/A,N/A,N/A,N/A,N/A
155.392,12020,468.764,305.418,0.351,4.411,55.000,N/A,4278.000,N/A,24.000,33.000,2625.000,11201.000,0.960,0.000,0.000,N/A,N/A,N/A,N/A,N/A,N/A,N/A
155.897,12020,458.545,268.377,0.316,4.491,55.000,N/A,4297.000,N/A,25.000,33.000,2625.000,11201.000,0.960,0.000,0.000,N/A,N/A,N/A,N/A,N/A,N/A,N/A
156.399,12020,457.209,288.534,0.251,4.565,54.000,N/A,4274.000,N/A,24.000,33.000,2625.000,11201.000,0.960,0.000,0.000,N/A,N/A,N/A,N/A,N/A,N/A,N/A
156.914,12020,452.635,276.235,0.343,4.635,54.000,N/A,4273.000,N/A,23.000,33.000,2625.000,11201.000,0.960,0.000,0.000,N/A,N/A,N/A,N/A,N/A,N/A,N/A
157.426,12020,465.224,278.079,0.413,4.715,54.000,N/A,4277.000,N/A,23.000,33.000,2625.000,11201.000,0.960,0.000,0.000,N/A,N/A,N/A,N/A,N/A,N/A,N/A
157.927,12020,471.943,307.116,0.362,4.479,54.000,N/A,4276.000,N/A,24.000,33.000,2625.000,11201.000,0.960,0.000,0.000,N/A,N/A,N/A,N/A,N/A,N/A,N/A
158.427,12020,481.808,304.053,0.300,4.310,55.000,N/A,4269.000,N/A,25.000,33.000,2625.000,11201.000,0.960,0.000,0.000,N/A,N/A,N/A,N/A,N/A,N/A,N/A
158.928,12020,468.162,289.595,0.305,4.334,54.000,N/A,4282.000,N/A,25.000,33.000,2625.000,11201.000,0.960,0.000,0.000,N/A,N/A,N/A,N/A,N/A,N/A,N/A
159.443,12020,454.578,278.660,0.362,4.431,54.000,N/A,4278.000,N/A,25.000,33.000,2625.000,11201.000,0.960,0.000,0.000,N/A,N/A,N/A,N/A,N/A,N/A,N/A
159.944,12020,449.664,278.715,0.341,4.662,54.000,N/A,4288.000,N/A,25.000,33.000,2625.000,11201.000,0.960,0.000,0.000,N/A,N/A,N/A,N/A,N/A,N/A,N/A
160.447,12020,461.735,306.974,0.337,4.645,54.000,N/A,4284.000,N/A,23.000,32.000,2625.000,11201.000,0.960,0.000,0.000,N/A,N/A,N/A,N/A,N/A,N/A,N/A
160.950,12020,463.841,237.327,0.351,4.651,54.000,N/A,4287.000,N/A,24.000,33.000,2625.000,11201.000,0.960,0.000,0.000,N/A,N/A,N/A,N/A,N/A,N/A,N/A
161.452,12020,474.037,325.690,0.344,4.401,56.000,N/A,4309.000,N/A,24.000,32.000,2625.000,11201.000,0.960,0.000,0.000,N/A,N/A,N/A,N/A,N/A,N/A,N/A
161.954,12020,454.901,278.365,0.385,4.283,61.000,N/A,4346.000,N/A,24.000,33.000,2625.000,11201.000,0.960,0.000,0.000,N/A,N/A,N/A,N/A,N/A,N/A,N/A
162.469,12020,456.985,287.076,0.368,4.188,54.000,N/A,4289.000,N/A,25.000,33.000,2625.000,11201.000,0.960,0.000,0.000,N/A,N/A,N/A,N/A,N/A,N/A,N/A
162.970,12020,468.703,298.864,0.380,4.251,55.000,N/A,4297.000,N/A,25.000,33.000,2625.000,11201.000,0.960,0.000,0.000,N/A,N/A,N/A,N/A,N/A,N/A,N/A
163.471,12020,480.731,323.771,0.441,4.415,54.000,N/A,4273.000,N/A,24.000,33.000,2625.000,11201.000,0.960,0.000,0.000,N/A,N/A,N/A,N/A,N/A,N/A,N/A
163.971,12020,471.623,296.991,0.342,4.639,55.000,N/A,4298.000,N/A,26.000,33.000,2625.000,11201.000,0.960,0.000,0.000,N/A,N/A,N/A,N/A,N/A,N/A,N/A
164.484,12020,466.310,307.863,0.368,4.657,53.000,N/A,4276.000,N/A,25.000,33.000,2625.000,11201.000,0.960,0.000,0.000,N/A,N/A,N/A,N/A,N/A,N/A,N/A
164.987,12020,449.719,270.453,0.376,4.570,55.000,N/A,4290.000,N/A,25.000,33.000,2625.000,11201.000,0.960,0.000,0.000,N/A,N/A,N/A,N/A,N/A,N/A,N/A
165.502,12020,435.013,234.318,0.354,4.621,54.000,N/A,4286.000,N/A,23.000,33.000,2625.000,11201.000,0.960,0.000,0.000,N/A,N/A,N/A,N/A,N/A,N/A,N/A
166.005,12020,452.058,273.000,0.357,4.781,54.000,N/A,4286.000,N/A,23.000,33.000,2625.000,11201.000,0.960,0.000,0.000,N/A,N/A,N/A,N/A,N/A,N/A,N/A
166.506,12020,453.359,242.595,0.310,4.771,54.000,N/A,4287.000,N/A,24.000,32.000,2625.000,11201.000,0.960,0.000,0.000,N/A,N/A,N/A,N/A,N/A,N/A,N/A
167.020,12020,445.475,287.969,0.252,4.737,54.000,N/A,4273.000,N/A,24.000,33.000,2625.000,11201.000,0.960,0.000,0.000,N/A,N/A,N/A,N/A,N/A,N/A,N/A
167.535,12020,439.624,307.059,0.355,4.665,54.000,N/A,4282.000,N/A,24.000,33.000,2625.000,11201.000,0.960,0.000,0.000,N/A,N/A,N/A,N/A,N/A,N/A,N/A
168.036,12020,441.479,253.222,0.298,4.609,53.000,N/A,4282.000,N/A,23.000,32.000,2625.000,11201.000,0.960,0.000,0.000,N/A,N/A,N/A,N/A,N/A,N/A,N/A
168.551,12020,435.545,186.012,0.456,4.711,54.000,N/A,4251.000,N/A,23.000,32.000,2625.000,11201.000,0.960,0.000,0.000,N/A,N/A,N/A,N/A,N/A,N/A,N/A
169.067,12020,464.444,262.357,0.328,4.732,53.000,N/A,4250.000,N/A,24.000,33.000,2625.000,11201.000,0.960,0.000,0.000,N/A,N/A,N/A,N/A,N/A,N/A,N/A
169.568,12020,471.541,286.812,0.249,4.642,54.000,N/A,4307.000,N/A,25.000,33.000,2625.000,11201.000,0.960,0.000,0.000,N/A,N/A,N/A,N/A,N/A,N/A,N/A
170.071,12020,452.776,257.938,0.311,4.657,54.000,N/A,4289.000,N/A,24.000,33.000,2625.000,11201.000,0.960,0.000,0.000,N/A,N/A,N/A,N/A,N/A,N/A,N/A
170.574,12020,454.088,263.790,0.416,4.697,54.000,N/A,4281.000,N/A,25.000,33.000,2625.000,11201.000,0.960,0.000,0.000,N/A,N/A,N/A,N/A,N/A,N/A,N/A
171.076,12020,478.804,293.600,0.368,4.427,54.000,N/A,4297.000,N/A,24.000,33.000,2625.000,11201.000,0.960,0.000,0.000,N/A,N/A,N/A,N/A,N/A,N/A,N/A
171.580,12020,474.512,276.342,0.297,4.431,55.000,N/A,4286.000,N/A,24.000,33.000,2625.000,11201.000,0.960,0.000,0.000,N/A,N/A,N/A,N/A,N/A,N/A,N/A
172.096,12020,483.707,306.589,0.259,4.268,55.000,N/A,4285.000,N/A,26.000,33.000,2625.000,11201.000,0.960,0.000,0.000,N/A,N/A,N/A,N/A,N/A,N/A,N/A
172.611,12020,455.458,276.809,0.361,4.269,54.000,N/A,4278.000,N/A,26.000,33.000,2625.000,11201.000,0.960,0.000,0.000,N/A,N/A,N/A,N/A,N/A,N/A,N/A
173.114,12020,443.986,237.682,0.345,4.537,54.000,N/A,4292.000,N/A,24.000,33.000,2625.000,11201.000,0.960,0.000,0.000,N/A,N/A,N/A,N/A,N/A,N/A,N/A
173.629,12020,455.977,264.852,0.356,4.485,53.000,N/A,4276.000,N/A,23.000,33.000,2625.000,11201.000,0.960,0.000,0.000,N/A,N/A,N/A,N/A,N/A,N/A,N/A
174.142,12020,467.671,295.867,0.306,4.388,55.000,N/A,4275.000,N/A,24.000,33.000,2625.000,11201.000,0.960,0.000,0.000,N/A,N/A,N/A,N/A,N/A,N/A,N/A
174.643,12020,473.250,286.821,0.391,4.373,54.000,N/A,4277.000,N/A,24.000,33.000,2625.000,11201.000,0.960,0.000,0.000,N/A,N/A,N/A,N/A,N/A,N/A,N/A
175.148,12020,459.043,296.806,0.372,4.266,54.000,N/A,4275.000,N/A,24.000,33.000,2625.000,11201.000,0.960,0.000,0.000,N/A,N/A,N/A,N/A,N/A,N/A,N/A
175.661,12020,455.086,280.175,0.367,4.223,54.000,N/A,4275.000,N/A,24.000,33.000,2625.000,11201.000,0.960,0.000,0.000,N/A,N/A,N/A,N/A,N/A,N/A,N/A
176.176,12020,454.582,280.214,0.327,4.374,55.000,N/A,4283.000,N/A,25.000,33.000,2625.000,11201.000,0.960,0.000,0.000,N/A,N/A,N/A,N/A,N/A,N/A,N/A
176.692,12020,476.391,288.800,0.382,4.432,54.000,N/A,4261.000,N/A,23.000,33.000,2625.000,11201.000,0.960,0.000,0.000,N/A,N/A,N/A,N/A,N/A,N/A,N/A
177.193,12020,470.204,298.775,0.338,4.460,54.000,N/A,4269.000,N/A,24.000,33.000,2625.000,11201.000,0.960,0.000,0.000,N/A,N/A,N/A,N/A,N/A,N/A,N/A
177.697,12020,452.492,291.537,0.341,4.681,54.000,N/A,4260.000,N/A,25.000,33.000,2625.000,11201.000,0.960,0.000,0.000,N/A,N/A,N/A,N/A,N/A,N/A,N/A
178.200,12020,445.812,253.762,0.329,4.793,56.000,N/A,4292.000,N/A,24.000,33.000,2625.000,11201.000,0.960,0.000,0.000,N/A,N/A,N/A,N/A,N/A,N/A,N/A
178.704,12020,439.203,226.845,0.368,4.741,55.000,N/A,4281.000,N/A,24.000,33.000,2625.000,11201.000,0.960,0.000,0.000,N/A,N/A,N/A,N/A,N/A,N/A,N/A
179.207,12020,465.068,293.720,0.375,4.631,54.000,N/A,4285.000,N/A,24.000,33.000,2625.000,11201.000,0.960,0.000,0.000,N/A,N/A,N/A,N/A,N/A,N/A,N/A
179.721,12020,477.601,313.391,0.311,4.476,54.000,N/A,4281.000,N/A,24.000,33.000,2625.000,11201.000,0.960,0.000,0.000,N/A,N/A,N/A,N/A,N/A,N/A,N/A
180.236,12020,477.346,313.185,0.343,4.401,54.000,N/A,4285.000,N/A,26.000,33.000,2625.000,11201.000,0.960,0.000,0.000,N/A,N/A,N/A,N/A,N/A,N/A,N/A
180.750,12020,455.951,283.760,0.251,4.540,53.000,N/A,4299.000,N/A,24.000,33.000,2625.000,11201.000,0.960,0.000,0.000,N/A,N/A,N/A,N/A,N/A,N/A,N/A
181.252,12020,451.077,306.354,0.332,4.608,56.000,N/A,4300.000,N/A,25.000,33.000,2625.000,11201.000,0.960,0.000,0.000,N/A,N/A,N/A,N/A,N/A,N/A,N/A
181.758,12020,462.253,300.616,0.344,4.665,53.000,N/A,4276.000,N/A,24.000,33.000,2625.000,11201.000,0.960,0.000,0.000,N/A,N/A,N/A,N/A,N/A,N/A,N/A
182.260,12020,460.129,292.218,0.340,4.608,54.000,N/A,4293.000,N/A,25.000,33.000,2625.000,11201.000,0.960,0.000,0.000,N/A,N/A,N/A,N/A,N/A,N/A,N/A
182.761,12020,461.495,283.616,0.353,4.726,54.000,N/A,4269.000,N/A,25.000,33.000,2625.000,11201.000,0.960,0.000,0.000,N/A,N/A,N/A,N/A,N/A,N/A,N/A
183.276,12020,454.194,237.954,0.376,4.718,54.000,N/A,4282.000,N/A,24.000,33.000,2625.000,11201.000,0.960,0.000,0.000,N/A,N/A,N/A,N/A,N/A,N/A,N/A
183.792,12020,452.981,291.146,0.353,4.742,54.000,N/A,4266.000,N/A,24.000,33.000,2625.000,11201.000,0.960,0.000,0.000,N/A,N/A,N/A,N/A,N/A,N/A,N/A
184.307,12020,448.270,285.225,0.325,4.620,54.000,N/A,4273.000,N/A,23.000,33.000,2625.000,11201.000,0.960,0.000,0.000,N/A,N/A,N/A,N/A,N/A,N/A,N/A
184.821,12020,476.912,318.167,0.333,4.247,54.000,N/A,4265.000,N/A,24.000,33.000,2625.000,11201.000,0.960,0.000,0.000,N/A,N/A,N/A,N/A,N/A,N/A,N/A
185.336,12020,474.276,297.787,0.360,4.404,55.000,N/A,4280.000,N/A,24.000,33.000,2625.000,11201.000,0.960,0.000,0.000,N/A,N/A,N/A,N/A,N/A,N/A,N/A
185.837,12020,471.717,325.860,0.357,4.364,55.000,N/A,4277.000,N/A,25.000,33.000,2625.000,11201.000,0.960,0.000,0.000,N/A,N/A,N/A,N/A,N/A,N/A,N/A
186.338,12020,448.207,245.008,0.295,4.739,56.000,N/A,4297.000,N/A,25.000,33.000,2625.000,11201.000,0.960,0.000,0.000,N/A,N/A,N/A,N/A,N/A,N/A,N/A
186.851,12020,428.323,290.951,0.333,4.822,54.000,N/A,4277.000,N/A,23.000,33.000,2625.000,11201.000,0.960,0.000,0.000,N/A,N/A,N/A,N/A,N/A,N/A,N/A
187.354,12020,427.829,268.183,0.294,4.706,54.000,N/A,4268.000,N/A,23.000,33.000,2625.000,11201.000,0.960,0.000,0.000,N/A,N/A,N/A,N/A,N/A,N/A,N/A
187.857,12020,448.481,310.318,0.351,4.541,53.000,N/A,4263.000,N/A,23.000,33.000,2625.000,11201.000,0.960,0.000,0.000,N/A,N/A,N/A,N/A,N/A,N/A,N/A
188.373,12020,449.186,299.177,0.373,4.618,54.000,N/A,4302.000,N/A,24.000,33.000,2625.000,11201.000,0.960,0.000,0.000,N/A,N/A,N/A,N/A,N/A,N/A,N/A
188.888,12020,444.733,297.566,0.343,4.717,54.000,N/A,4263.000,N/A,24.000,33.000,2625.000,11201.000,0.960,0.000,0.000,N/A,N/A,N/A,N/A,N/A,N/A,N/A
189.403,12020,436.198,202.372,0.317,4.905,54.000,N/A,4256.000,N/A,24.000,33.000,2625.000,11201.000,0.960,0.000,0.000,N/A,N/A,N/A,N/A,N/A,N/A,N/A
189.918,12020,449.477,289.981,0.333,4.775,54.000,N/A,4272.000,N/A,23.000,33.000,2625.000,11201.000,0.960,0.000,0.000,N/A,N/A,N/A,N/A,N/A,N/A,N/A
190.421,12020,469.866,262.791,0.298,4.659,63.000,N/A,4379.000,N/A,24.000,33.000,2625.000,11201.000,0.960,0.000,0.000,N/A,N/A,N/A,N/A,N/A,N/A,N/A
190.921,12020,459.617,303.288,0.279,4.402,70.000,N/A,4426.000,N/A,25.000,33.000,2625.000,11201.000,0.960,0.000,0.000,N/A,N/A,N/A,N/A,N/A,N/A,N/A
191.424,12020,456.211,309.224,0.309,4.478,71.000,N/A,4438.000,N/A,25.000,33.000,2625.000,11201.000,0.960,0.000,0.000,N/A,N/A,N/A,N/A,N/A,N/A,N/A
191.925,12020,434.128,251.515,0.369,4.600,70.000,N/A,4428.000,N/A,24.000,33.000,2625.000,11201.000,0.960,0.000,0.000,N/A,N/A,N/A,N/A,N/A,N/A,N/A
192.429,12020,456.458,291.911,0.327,4.498,70.000,N/A,4433.000,N/A,23.000,33.000,2625.000,11201.000,0.960,0.000,0.000,N/A,N/A,N/A,N/A,N/A,N/A,N/A
192.933,12020,469.171,276.075,0.315,4.762,70.000,N/A,4435.000,N/A,23.000,33.000,2625.000,11201.000,0.960,0.000,0.000,N/A,N/A,N/A,N/A,N/A,N/A,N/A
193.435,12020,485.893,306.626,0.328,4.567,70.000,N/A,4443.000,N/A,25.000,33.000,2625.000,11201.000,0.960,0.000,0.000,N/A,N/A,N/A,N/A,N/A,N/A,N/A
193.938,12020,476.098,309.349,0.336,4.824,69.000,N/A,4427.000,N/A,25.000,33.000,2625.000,11201.000,0.960,0.000,0.000,N/A,N/A,N/A,N/A,N/A,N/A,N/A
194.442,12020,455.660,265.386,0.331,4.695,59.000,N/A,4323.000,N/A,26.000,33.000,2625.000,11201.000,0.960,0.000,0.000,N/A,N/A,N/A,N/A,N/A,N/A,N/A
194.944,12020,463.937,295.701,0.336,4.602,54.000,N/A,4305.000,N/A,24.000,33.000,2625.000,11201.000,0.960,0.000,0.000,N/A,N/A,N/A,N/A,N/A,N/A,N/A
195.458,12020,469.603,300.309,0.338,4.462,55.000,N/A,4282.000,N/A,23.000,33.000,2625.000,11201.000,0.960,0.000,0.000,N/A,N/A,N/A,N/A,N/A,N/A,N/A
195.973,12020,462.439,229.353,0.277,4.383,55.000,N/A,4284.000,N/A,25.000,33.000,2625.000,11201.000,0.960,0.000,0.000,N/A,N/A,N/A,N/A,N/A,N/A,N/A
196.489,12020,465.156,275.414,0.402,4.468,55.000,N/A,4281.000,N/A,24.000,33.000,2625.000,11201.000,0.960,0.000,0.000,N/A,N/A,N/A,N/A,N/A,N/A,N/A
197.003,12020,460.651,282.079,0.354,4.403,55.000,N/A,4295.000,N/A,24.000,33.000,2625.000,11201.000,0.960,0.000,0.000,N/A,N/A,N/A,N/A,N/A,N/A,N/A
197.503,12020,463.456,294.473,0.291,4.369,55.000,N/A,4299.000,N/A,24.000,33.000,2625.000,11201.000,0.960,0.000,0.000,N/A,N/A,N/A,N/A,N/A,N/A,N/A
198.018,12020,470.535,264.452,0.308,4.475,55.000,N/A,4297.000,N/A,24.000,33.000,2625.000,11201.000,0.960,0.000,0.000,N/A,N/A,N/A,N/A,N/A,N/A,N/A
198.524,12020,481.760,319.519,0.359,4.438,55.000,N/A,4296.000,N/A,25.000,33.000,2625.000,11201.000,0.960,0.000,0.000,N/A,N/A,N/A,N/A,N/A,N/A,N/A
199.039,12020,477.052,306.909,0.355,4.439,55.000,N/A,4299.000,N/A,25.000,33.000,2625.000,11201.000,0.960,0.000,0.000,N/A,N/A,N/A,N/A,N/A,N/A,N/A
199.540,12020,471.336,299.823,0.260,4.448,57.000,N/A,4313.000,N/A,26.000,33.000,2625.000,11201.000,0.960,0.000,0.000,N/A,N/A,N/A,N/A,N/A,N/A,N/A
200.561,12020,447.194,288.584,0.346,4.570,54.000,N/A,4275.000,N/A,24.000,33.000,2625.000,11201.000,0.960,0.000,0.000,N/A,N/A,N/A,N/A,N/A,N/A,N/A
201.063,12020,456.581,298.347,0.310,4.493,55.000,N/A,4296.000,N/A,23.000,33.000,2625.000,11201.000,0.960,0.000,0.000,N/A,N/A,N/A,N/A,N/A,N/A,N/A
201.577,12020,462.520,249.054,0.358,4.571,55.000,N/A,4310.000,N/A,24.000,33.000,2625.000,11201.000,0.960,0.000,0.000,N/A,N/A,N/A,N/A,N/A,N/A,N/A
202.092,12020,460.154,283.583,0.366,4.683,54.000,N/A,4274.000,N/A,24.000,33.000,2625.000,11201.000,0.960,0.000,0.000,N/A,N/A,N/A,N/A,N/A,N/A,N/A
202.608,12020,463.926,295.159,0.250,4.621,55.000,N/A,4306.000,N/A,25.000,33.000,2625.000,11201.000,0.960,0.000,0.000,N/A,N/A,N/A,N/A,N/A,N/A,N/A
203.123,12020,458.102,273.149,0.255,4.679,54.000,N/A,4288.000,N/A,24.000,33.000,2625.000,11201.000,0.960,0.000,0.000,N/A,N/A,N/A,N/A,N/A,N/A,N/A
203.627,12020,447.842,288.734,0.293,4.739,55.000,N/A,4286.000,N/A,25.000,33.000,2625.000,11201.000,0.960,0.000,0.000,N/A,N/A,N/A,N/A,N/A,N/A,N/A
204.128,12020,469.385,257.938,0.305,4.518,54.000,N/A,4279.000,N/A,23.000,32.000,2625.000,11201.000,0.960,0.000,0.000,N/A,N/A,N/A,N/A,N/A,N/A,N/A
204.642,12020,479.340,315.259,0.368,4.405,55.000,N/A,4274.000,N/A,24.000,33.000,2625.000,11201.000,0.960,0.000,0.000,N/A,N/A,N/A,N/A,N/A,N/A,N/A
205.157,12020,471.094,257.182,0.388,4.380,55.000,N/A,4282.000,N/A,25.000,33.000,2625.000,11201.000,0.960,0.000,0.000,N/A,N/A,N/A,N/A,N/A,N/A,N/A
205.661,12020,444.246,272.213,0.345,4.606,54.000,N/A,4300.000,N/A,24.000,33.000,2625.000,11201.000,0.960,0.000,0.000,N/A,N/A,N/A,N/A,N/A,N/A,N/A
206.163,12020,448.903,291.333,0.323,4.676,54.000,N/A,4293.000,N/A,24.000,33.000,2625.000,11201.000,0.960,0.000,0.000,N/A,N/A,N/A,N/A,N/A,N/A,N/A
206.664,12020,438.047,246.021,0.312,4.828,54.000,N/A,4283.000,N/A,23.000,33.000,2625.000,11201.000,0.960,0.000,0.000,N/A,N/A,N/A,N/A,N/A,N/A,N/A
207.165,12020,450.708,283.294,0.329,4.809,54.000,N/A,4277.000,N/A,23.000,33.000,2625.000,11201.000,0.960,0.000,0.000,N/A,N/A,N/A,N/A,N/A,N/A,N/A
207.666,12020,459.804,315.110,0.373,4.661,54.000,N/A,4298.000,N/A,24.000,33.000,2625.000,11201.000,0.960,0.000,0.000,N/A,N/A,N/A,N/A,N/A,N/A,N/A
208.167,12020,437.945,279.501,0.326,4.630,53.000,N/A,4274.000,N/A,23.000,33.000,2625.000,11201.000,0.960,0.000,0.000,N/A,N/A,N/A,N/A,N/A,N/A,N/A
208.682,12020,439.589,270.329,0.303,4.384,54.000,N/A,4287.000,N/A,23.000,33.000,2625.000,11201.000,0.960,0.000,0.000,N/A,N/A,N/A,N/A,N/A,N/A,N/A
209.183,12020,449.418,270.073,0.342,4.659,54.000,N/A,4284.000,N/A,23.000,33.000,2625.000,11201.000,0.960,0.000,0.000,N/A,N/A,N/A,N/A,N/A,N/A,N/A
209.684,12020,450.812,292.227,0.375,4.678,54.000,N/A,4268.000,N/A,23.000,32.000,2625.000,11201.000,0.960,0.000,0.000,N/A,N/A,N/A,N/A,N/A,N/A,N/A
210.188,12020,454.819,279.111,0.374,4.638,54.000,N/A,4278.000,N/A,23.000,33.000,2625.000,11201.000,0.960,0.000,0.000,N/A,N/A,N/A,N/A,N/A,N/A,N/A
210.694,12020,449.989,287.927,0.377,4.770,55.000,N/A,4276.000,N/A,24.000,33.000,2625.000,11201.000,0.960,0.000,0.000,N/A,N/A,N/A,N/A,N/A,N/A,N/A
211.198,12020,447.743,272.450,0.383,4.662,53.000,N/A,4267.000,N/A,23.000,33.000,2625.000,11201.000,0.960,0.000,0.000,N/A,N/A,N/A,N/A,N/A,N/A,N/A
211.701,12020,460.530,290.951,0.294,4.627,54.000,N/A,4289.000,N/A,24.000,33.000,2625.000,11201.000,0.960,0.000,0.000,N/A,N/A,N/A,N/A,N/A,N/A,N/A
212.203,12020,464.024,288.359,0.360,4.908,54.000,N/A,4274.000,N/A,24.000,33.000,2625.000,11201.000,0.960,0.000,0.000,N/A,N/A,N/A,N/A,N/A,N/A,N/A
212.706,12020,473.810,319.990,0.350,5.119,55.000,N/A,4281.000,N/A,25.000,33.000,2625.000,11201.000,0.960,0.000,0.000,N/A,N/A,N/A,N/A,N/A,N/A,N/A
213.208,12020,476.570,278.195,0.306,5.068,54.000,N/A,4277.000,N/A,25.000,33.000,2625.000,11201.000,0.960,0.000,0.000,N/A,N/A,N/A,N/A,N/A,N/A,N/A
213.710,12020,458.300,305.493,0.341,4.987,54.000,N/A,4275.000,N/A,24.000,33.000,2625.000,11201.000,0.960,0.000,0.000,N/A,N/A,N/A,N/A,N/A,N/A,N/A
214.225,12020,440.587,286.582,0.367,4.945,54.000,N/A,4286.000,N/A,24.000,33.000,2625.000,11201.000,0.960,0.000,0.000,N/A,N/A,N/A,N/A,N/A,N/A,N/A
214.727,12020,447.245,306.147,0.349,4.675,54.000,N/A,4293.000,N/A,24.000,33.000,2625.000,11201.000,0.960,0.000,0.000,N/A,N/A,N/A,N/A,N/A,N/A,N/A
215.239,12020,465.631,297.089,0.322,4.656,56.000,N/A,4302.000,N/A,24.000,33.000,2625.000,11201.000,0.960,0.000,0.000,N/A,N/A,N/A,N/A,N/A,N/A,N/A
215.740,12020,468.826,296.226,0.293,4.559,55.000,N/A,4282.000,N/A,25.000,33.000,2625.000,11201.000,0.960,0.000,0.000,N/A,N/A,N/A,N/A,N/A,N/A,N/A
216.241,12020,462.589,266.425,0.345,4.591,54.000,N/A,4277.000,N/A,24.000,33.000,2625.000,11201.000,0.960,0.000,0.000,N/A,N/A,N/A,N/A,N/A,N/A,N/A
216.742,12020,447.488,308.585,0.363,4.724,54.000,N/A,4279.000,N/A,24.000,33.000,2625.000,11201.000,0.960,0.000,0.000,N/A,N/A,N/A,N/A,N/A,N/A,N/A
217.245,12020,447.899,287.853,0.310,4.623,53.000,N/A,4252.000,N/A,24.000,33.000,2625.000,11201.000,0.960,0.000,0.000,N/A,N/A,N/A,N/A,N/A,N/A,N/A
217.760,12020,493.577,328.655,0.312,4.140,55.000,N/A,4294.000,N/A,25.000,33.000,2625.000,11201.000,0.960,0.000,0.000,N/A,N/A,N/A,N/A,N/A,N/A,N/A
218.274,12020,470.861,265.414,0.368,4.393,55.000,N/A,4313.000,N/A,25.000,33.000,2625.000,11201.000,0.960,0.000,0.000,N/A,N/A,N/A,N/A,N/A,N/A,N/A
218.775,12020,463.616,297.921,0.334,4.215,54.000,N/A,4278.000,N/A,24.000,33.000,2625.000,11201.000,0.960,0.000,0.000,N/A,N/A,N/A,N/A,N/A,N/A,N/A
219.277,12020,456.826,304.655,0.300,4.575,56.000,N/A,4312.000,N/A,22.000,33.000,2625.000,11201.000,0.960,0.000,0.000,N/A,N/A,N/A,N/A,N/A,N/A,N/A
219.778,12020,444.577,290.850,0.354,4.525,56.000,N/A,4324.000,N/A,24.000,33.000,2625.000,11201.000,0.960,0.000,0.000,N/A,N/A,N/A,N/A,N/A,N/A,N/A
220.280,12020,467.754,281.357,0.338,4.371,54.000,N/A,4285.000,N/A,24.000,33.000,2625.000,11201.000,0.960,0.000,0.000,N/A,N/A,N/A,N/A,N/A,N/A,N/A
220.783,12020,473.227,301.905,0.364,4.499,56.000,N/A,4289.000,N/A,25.000,33.000,2625.000,11201.000,0.960,0.000,0.000,N/A,N/A,N/A,N/A,N/A,N/A,N/A
221.286,12020,475.051,292.030,0.383,4.180,54.000,N/A,4299.000,N/A,25.000,33.000,2625.000,11201.000,0.960,0.000,0.000,N/A,N/A,N/A,N/A,N/A,N/A,N/A
221.789,12020,453.903,283.190,0.377,4.297,54.000,N/A,4288.000,N/A,24.000,33.000,2625.000,11201.000,0.960,0.000,0.000,N/A,N/A,N/A,N/A,N/A,N/A,N/A
222.291,12020,460.649,304.238,0.320,4.219,54.000,N/A,4299.000,N/A,25.000,33.000,2625.000,11201.000,0.960,0.000,0.000,N/A,N/A,N/A,N/A,N/A,N/A,N/A
222.797,12020,468.986,291.528,0.368,4.054,54.000,N/A,4296.000,N/A,24.000,33.000,2625.000,11201.000,0.960,0.000,0.000,N/A,N/A,N/A,N/A,N/A,N/A,N/A
223.300,12020,459.731,295.954,0.366,4.404,55.000,N/A,4295.000,N/A,24.000,33.000,2625.000,11201.000,0.960,0.000,0.000,N/A,N/A,N/A,N/A,N/A,N/A,N/A
223.803,12020,466.782,299.491,0.312,4.301,54.000,N/A,4295.000,N/A,24.000,33.000,2625.000,11201.000,0.960,0.000,0.000,N/A,N/A,N/A,N/A,N/A,N/A,N/A
224.306,12020,459.387,286.722,0.318,4.659,54.000,N/A,4295.000,N/A,24.000,33.000,2625.000,11201.000,0.960,0.000,0.000,N/A,N/A,N/A,N/A,N/A,N/A,N/A
224.809,12020,457.661,267.180,0.296,4.595,55.000,N/A,4311.000,N/A,24.000,33.000,2625.000,11201.000,0.960,0.000,0.000,N/A,N/A,N/A,N/A,N/A,N/A,N/A
225.324,12020,460.397,296.886,0.293,4.951,54.000,N/A,4294.000,N/A,24.000,33.000,2625.000,11201.000,0.960,0.000,0.000,N/A,N/A,N/A,N/A,N/A,N/A,N/A
225.827,12020,484.679,324.086,0.292,4.628,54.000,N/A,4291.000,N/A,24.000,33.000,2625.000,11201.000,0.960,0.000,0.000,N/A,N/A,N/A,N/A,N/A,N/A,N/A
226.341,12020,476.716,324.328,0.394,4.609,55.000,N/A,4284.000,N/A,25.000,33.000,2625.000,11201.000,0.960,0.000,0.000,N/A,N/A,N/A,N/A,N/A,N/A,N/A
226.843,12020,476.659,312.461,0.401,4.697,54.000,N/A,4274.000,N/A,26.000,33.000,2625.000,11201.000,0.960,0.000,0.000,N/A,N/A,N/A,N/A,N/A,N/A,N/A
227.346,12020,447.747,243.285,0.355,4.801,56.000,N/A,4283.000,N/A,25.000,33.000,2625.000,11201.000,0.960,0.000,0.000,N/A,N/A,N/A,N/A,N/A,N/A,N/A
227.860,12020,426.951,267.330,0.296,5.053,54.000,N/A,4284.000,N/A,24.000,33.000,2625.000,11201.000,0.960,0.000,0.000,N/A,N/A,N/A,N/A,N/A,N/A,N/A
228.367,12020,439.986,255.271,0.348,4.989,53.000,N/A,4270.000,N/A,23.000,33.000,2625.000,11201.000,0.960,0.000,0.000,N/A,N/A,N/A,N/A,N/A,N/A,N/A
228.882,12020,454.543,307.636,0.348,4.920,54.000,N/A,4265.000,N/A,24.000,33.000,2625.000,11201.000,0.960,0.000,0.000,N/A,N/A,N/A,N/A,N/A,N/A,N/A
229.395,12020,456.289,271.135,0.297,4.931,53.000,N/A,4277.000,N/A,24.000,33.000,2625.000,11201.000,0.960,0.000,0.000,N/A,N/A,N/A,N/A,N/A,N/A,N/A
229.910,12020,453.613,286.492,0.394,4.773,54.000,N/A,4267.000,N/A,24.000,33.000,2625.000,11201.000,0.960,0.000,0.000,N/A,N/A,N/A,N/A,N/A,N/A,N/A
230.424,12020,448.791,195.890,0.327,4.743,53.000,N/A,4287.000,N/A,24.000,33.000,2625.000,11201.000,0.960,0.000,0.000,N/A,N/A,N/A,N/A,N/A,N/A,N/A
230.938,12020,461.457,296.393,0.322,4.524,54.000,N/A,4292.000,N/A,24.000,33.000,2625.000,11201.000,0.960,0.000,0.000,N/A,N/A,N/A,N/A,N/A,N/A,N/A
231.440,12020,484.248,310.520,0.371,4.299,54.000,N/A,4281.000,N/A,26.000,33.000,2625.000,11201.000,0.960,0.000,0.000,N/A,N/A,N/A,N/A,N/A,N/A,N/A
231.942,12020,473.814,278.784,0.372,4.253,55.000,N/A,4287.000,N/A,25.000,33.000,2625.000,11201.000,0.960,0.000,0.000,N/A,N/A,N/A,N/A,N/A,N/A,N/A
232.444,12020,463.668,291.511,0.325,4.433,54.000,N/A,4287.000,N/A,26.000,33.000,2625.000,11201.000,0.960,0.000,0.000,N/A,N/A,N/A,N/A,N/A,N/A,N/A
232.956,12020,457.077,259.923,0.334,4.392,55.000,N/A,4290.000,N/A,24.000,33.000,2625.000,11201.000,0.960,0.000,0.000,N/A,N/A,N/A,N/A,N/A,N/A,N/A
233.459,12020,460.969,282.502,0.339,4.347,54.000,N/A,4274.000,N/A,24.000,33.000,2625.000,11201.000,0.960,0.000,0.000,N/A,N/A,N/A,N/A,N/A,N/A,N/A
233.973,12020,470.772,282.622,0.303,4.382,54.000,N/A,4281.000,N/A,25.000,33.000,2625.000,11201.000,0.960,0.000,0.000,N/A,N/A,N/A,N/A,N/A,N/A,N/A
234.475,12020,479.398,309.043,0.409,4.398,54.000,N/A,4288.000,N/A,25.000,33.000,2625.000,11201.000,0.960,0.000,0.000,N/A,N/A,N/A,N/A,N/A,N/A,N/A
234.990,12020,465.901,282.016,0.307,4.600,55.000,N/A,4302.000,N/A,26.000,33.000,2625.000,11201.000,0.960,0.000,0.000,N/A,N/A,N/A,N/A,N/A,N/A,N/A
235.505,12020,462.609,294.109,0.325,4.597,54.000,N/A,4285.000,N/A,25.000,33.000,2625.000,11201.000,0.960,0.000,0.000,N/A,N/A,N/A,N/A,N/A,N/A,N/A
236.018,12020,465.335,304.952,0.251,4.581,55.000,N/A,4296.000,N/A,24.000,33.000,2625.000,11201.000,0.960,0.000,0.000,N/A,N/A,N/A,N/A,N/A,N/A,N/A
236.519,12020,476.412,296.130,0.373,4.458,55.000,N/A,4302.000,N/A,25.000,33.000,2625.000,11201.000,0.960,0.000,0.000,N/A,N/A,N/A,N/A,N/A,N/A,N/A
237.033,12020,469.610,266.177,0.309,4.264,56.000,N/A,4310.000,N/A,24.000,33.000,2625.000,11201.000,0.960,0.000,0.000,N/A,N/A,N/A,N/A,N/A,N/A,N/A
237.548,12020,459.041,297.912,0.306,4.384,54.000,N/A,4288.000,N/A,25.000,33.000,2625.000,11201.000,0.960,0.000,0.000,N/A,N/A,N/A,N/A,N/A,N/A,N/A
238.063,12020,462.892,265.428,0.374,4.167,55.000,N/A,4289.000,N/A,25.000,33.000,2625.000,11201.000,0.960,0.000,0.000,N/A,N/A,N/A,N/A,N/A,N/A,N/A
238.568,12020,458.805,274.416,0.402,4.307,56.000,N/A,4303.000,N/A,24.000,33.000,2625.000,11201.000,0.960,0.000,0.000,N/A,N/A,N/A,N/A,N/A,N/A,N/A
239.071,12020,459.197,258.913,0.298,4.445,54.000,N/A,4275.000,N/A,25.000,33.000,2625.000,11201.000,0.960,0.000,0.000,N/A,N/A,N/A,N/A,N/A,N/A,N/A
239.573,12020,480.588,288.951,0.374,4.295,54.000,N/A,4266.000,N/A,25.000,33.000,2625.000,11201.000,0.960,0.000,0.000,N/A,N/A,N/A,N/A,N/A,N/A,N/A
240.087,12020,479.471,282.207,0.353,4.471,55.000,N/A,4287.000,N/A,26.000,33.000,2625.000,11201.000,0.960,0.000,0.000,N/A,N/A,N/A,N/A,N/A,N/A,N/A
240.589,12020,463.179,286.279,0.369,4.366,54.000,N/A,4282.000,N/A,25.000,33.000,2625.000,11201.000,0.960,0.000,0.000,N/A,N/A,N/A,N/A,N/A,N/A,N/A
241.104,12020,454.793,286.410,0.253,4.534,54.000,N/A,4289.000,N/A,24.000,33.000,2625.000,11201.000,0.960,0.000,0.000,N/A,N/A,N/A,N/A,N/A,N/A,N/A
241.605,12020,457.685,258.652,0.305,4.344,54.000,N/A,4304.000,N/A,24.000,33.000,2625.000,11201.000,0.960,0.000,0.000,N/A,N/A,N/A,N/A,N/A,N/A,N/A
242.106,12020,471.237,287.373,0.309,4.109,54.000,N/A,4271.000,N/A,24.000,33.000,2625.000,11201.000,0.960,0.000,0.000,N/A,N/A,N/A,N/A,N/A,N/A,N/A
242.607,12020,472.860,329.696,0.355,4.160,54.000,N/A,4274.000,N/A,24.000,33.000,2625.000,11201.000,0.960,0.000,0.000,N/A,N/A,N/A,N/A,N/A,N/A,N/A
243.122,12020,459.220,281.246,0.322,4.124,55.000,N/A,4290.000,N/A,26.000,33.000,2625.000,11201.000,0.960,0.000,0.000,N/A,N/A,N/A,N/A,N/A,N/A,N/A
243.625,12020,451.812,289.796,0.290,4.145,54.000,N/A,4270.000,N/A,25.000,33.000,2625.000,11201.000,0.960,0.000,0.000,N/A,N/A,N/A,N/A,N/A,N/A,N/A
244.129,12020,447.547,258.244,0.388,4.234,55.000,N/A,4273.000,N/A,24.000,33.000,2625.000,11201.000,0.960,0.000,0.000,N/A,N/A,N/A,N/A,N/A,N/A,N/A
244.631,12020,468.059,258.025,0.344,4.510,54.000,N/A,4278.000,N/A,24.000,33.000,2625.000,11201.000,0.960,0.000,0.000,N/A,N/A,N/A,N/A,N/A,N/A,N/A
245.132,12020,461.043,290.875,0.362,4.836,55.000,N/A,4285.000,N/A,25.000,33.000,2625.000,11201.000,0.960,0.000,0.000,N/A,N/A,N/A,N/A,N/A,N/A,N/A
245.646,12020,462.382,289.126,0.344,4.907,54.000,N/A,4261.000,N/A,24.000,33.000,2625.000,11201.000,0.960,0.000,0.000,N/A,N/A,N/A,N/A,N/A,N/A,N/A
246.148,12020,442.357,258.726,0.373,4.794,54.000,N/A,4294.000,N/A,24.000,33.000,2625.000,11201.000,0.960,0.000,0.000,N/A,N/A,N/A,N/A,N/A,N/A,N/A
246.664,12020,442.728,249.582,0.346,4.841,55.000,N/A,4279.000,N/A,24.000,33.000,2625.000,11201.000,0.960,0.000,0.000,N/A,N/A,N/A,N/A,N/A,N/A,N/A
247.178,12020,452.454,280.089,0.348,4.686,54.000,N/A,4285.000,N/A,24.000,33.000,2625.000,11201.000,0.960,0.000,0.000,N/A,N/A,N/A,N/A,N/A,N/A,N/A
247.678,12020,454.290,304.081,0.361,4.520,54.000,N/A,4253.000,N/A,24.000,33.000,2625.000,11201.000,0.960,0.000,0.000,N/A,N/A,N/A,N/A,N/A,N/A,N/A
248.192,12020,455.961,306.909,0.290,4.598,54.000,N/A,4282.000,N/A,24.000,33.000,2625.000,11201.000,0.960,0.000,0.000,N/A,N/A,N/A,N/A,N/A,N/A,N/A
248.694,12020,442.818,236.530,0.314,4.570,53.000,N/A,4273.000,N/A,23.000,33.000,2625.000,11201.000,0.960,0.000,0.000,N/A,N/A,N/A,N/A,N/A,N/A,N/A
249.210,12020,437.945,259.558,0.312,4.575,54.000,N/A,4260.000,N/A,23.000,33.000,2625.000,11201.000,0.960,0.000,0.000,N/A,N/A,N/A,N/A,N/A,N/A,N/A
249.724,12020,435.899,231.091,0.353,4.604,53.000,N/A,4269.000,N/A,23.000,33.000,2625.000,11201.000,0.960,0.000,0.000,N/A,N/A,N/A,N/A,N/A,N/A,N/A
250.239,12020,463.731,291.715,0.354,4.294,53.000,N/A,4258.000,N/A,23.000,33.000,2625.000,11201.000,0.960,0.000,0.000,N/A,N/A,N/A,N/A,N/A,N/A,N/A
250.743,12020,475.281,313.578,0.378,4.210,54.000,N/A,4283.000,N/A,24.000,33.000,2625.000,11201.000,0.960,0.000,0.000,N/A,N/A,N/A,N/A,N/A,N/A,N/A
251.247,12020,458.010,291.937,0.294,4.174,54.000,N/A,4272.000,N/A,25.000,33.000,2625.000,11201.000,0.960,0.000,0.000,N/A,N/A,N/A,N/A,N/A,N/A,N/A
251.748,12020,457.586,240.258,0.343,4.210,55.000,N/A,4280.000,N/A,24.000,33.000,2625.000,11201.000,0.960,0.000,0.000,N/A,N/A,N/A,N/A,N/A,N/A,N/A
252.249,12020,473.157,302.792,0.357,4.255,54.000,N/A,4283.000,N/A,24.000,33.000,2625.000,11201.000,0.960,0.000,0.000,N/A,N/A,N/A,N/A,N/A,N/A,N/A
252.752,12020,455.537,231.267,0.329,4.403,57.000,N/A,4290.000,N/A,24.000,33.000,2625.000,11201.000,0.960,0.000,0.000,N/A,N/A,N/A,N/A,N/A,N/A,N/A
253.268,12020,478.597,333.890,0.361,4.344,54.000,N/A,4290.000,N/A,25.000,33.000,2625.000,11201.000,0.960,0.000,0.000,N/A,N/A,N/A,N/A,N/A,N/A,N/A
253.770,12020,465.025,289.721,0.335,4.659,57.000,N/A,4318.000,N/A,26.000,33.000,2625.000,11201.000,0.960,0.000,0.000,N/A,N/A,N/A,N/A,N/A,N/A,N/A
254.273,12020,447.179,277.446,0.388,4.752,69.000,N/A,4427.000,N/A,25.000,33.000,2625.000,11201.000,0.960,0.000,0.000,N/A,N/A,N/A,N/A,N/A,N/A,N/A
254.774,12020,445.040,269.811,0.295,4.656,69.000,N/A,4428.000,N/A,24.000,33.000,2625.000,11201.000,0.960,0.000,0.000,N/A,N/A,N/A,N/A,N/A,N/A,N/A
255.278,12020,455.521,299.877,0.288,4.664,69.000,N/A,4430.000,N/A,24.000,33.000,2625.000,11201.000,0.960,0.000,0.000,N/A,N/A,N/A,N/A,N/A,N/A,N/A
255.793,12020,470.906,307.740,0.331,4.564,70.000,N/A,4428.000,N/A,24.000,33.000,2625.000,11201.000,0.960,0.000,0.000,N/A,N/A,N/A,N/A,N/A,N/A,N/A
256.309,12020,471.067,283.583,0.295,4.603,70.000,N/A,4437.000,N/A,24.000,33.000,2625.000,11201.000,0.960,0.000,0.000,N/A,N/A,N/A,N/A,N/A,N/A,N/A
256.824,12020,450.111,289.168,0.355,4.639,70.000,N/A,4426.000,N/A,24.000,33.000,2625.000,11201.000,0.960,0.000,0.000,N/A,N/A,N/A,N/A,N/A,N/A,N/A
257.327,12020,457.699,310.424,0.306,4.500,70.000,N/A,4430.000,N/A,25.000,33.000,2625.000,11201.000,0.960,0.000,0.000,N/A,N/A,N/A,N/A,N/A,N/A,N/A
257.842,12020,472.897,298.802,0.348,4.374,62.000,N/A,4371.000,N/A,25.000,33.000,2625.000,11201.000,0.960,0.000,0.000,N/A,N/A,N/A,N/A,N/A,N/A,N/A
258.355,12020,484.977,297.106,0.318,4.357,55.000,N/A,4273.000,N/A,25.000,33.000,2625.000,11201.000,0.960,0.000,0.000,N/A,N/A,N/A,N/A,N/A,N/A,N/A
258.871,12020,467.480,269.993,0.307,4.399,55.000,N/A,4293.000,N/A,26.000,33.000,2625.000,11201.000,0.960,0.000,0.000,N/A,N/A,N/A,N/A,N/A,N/A,N/A
259.374,12020,462.274,287.662,0.420,4.429,54.000,N/A,4261.000,N/A,24.000,33.000,2625.000,11201.000,0.960,0.000,0.000,N/A,N/A,N/A,N/A,N/A,N/A,N/A
259.890,12020,449.201,295.290,0.381,4.472,54.000,N/A,4296.000,N/A,24.000,33.000,2625.000,11201.000,0.960,0.000,0.000,N/A,N/A,N/A,N/A,N/A,N/A,N/A
260.392,12020,467.597,297.124,0.292,4.691,55.000,N/A,4287.000,N/A,24.000,33.000,2625.000,11201.000,0.960,0.000,0.000,N/A,N/A,N/A,N/A,N/A,N/A,N/A
260.906,12020,475.545,298.169,0.325,4.712,54.000,N/A,4306.000,N/A,25.000,33.000,2625.000,11201.000,0.960,0.000,0.000,N/A,N/A,N/A,N/A,N/A,N/A,N/A
261.408,12020,484.900,333.968,0.253,4.758,56.000,N/A,4297.000,N/A,25.000,33.000,2625.000,11201.000,0.960,0.000,0.000,N/A,N/A,N/A,N/A,N/A,N/A,N/A
261.923,12020,475.531,325.098,0.313,4.906,55.000,N/A,4292.000,N/A,26.000,33.000,2625.000,11201.000,0.960,0.000,0.000,N/A,N/A,N/A,N/A,N/A,N/A,N/A
262.425,12020,463.303,254.007,0.379,4.732,54.000,N/A,4314.000,N/A,26.000,33.000,2625.000,11201.000,0.960,0.000,0.000,N/A,N/A,N/A,N/A,N/A,N/A,N/A
262.928,12020,459.215,289.394,0.349,4.572,54.000,N/A,4299.000,N/A,25.000,33.000,2625.000,11201.000,0.960,0.000,0.000,N/A,N/A,N/A,N/A,N/A,N/A,N/A
263.429,12020,468.283,290.377,0.341,4.425,54.000,N/A,4287.000,N/A,24.000,33.000,2625.000,11201.000,0.960,0.000,0.000,N/A,N/A,N/A,N/A,N/A,N/A,N/A
263.931,12020,468.700,282.582,0.316,4.149,54.000,N/A,4283.000,N/A,25.000,33.000,2625.000,11201.000,0.960,0.000,0.000,N/A,N/A,N/A,N/A,N/A,N/A,N/A
264.444,12020,467.573,255.122,0.344,4.206,54.000,N/A,4293.000,N/A,25.000,33.000,2625.000,11201.000,0.960,0.000,0.000,N/A,N/A,N/A,N/A,N/A,N/A,N/A
264.948,12020,458.952,291.860,0.373,4.242,55.000,N/A,4300.000,N/A,24.000,33.000,2625.000,11201.000,0.960,0.000,0.000,N/A,N/A,N/A,N/A,N/A,N/A,N/A
265.460,12020,461.885,295.928,0.305,4.230,55.000,N/A,4297.000,N/A,24.000,33.000,2625.000,11201.000,0.960,0.000,0.000,N/A,N/A,N/A,N/A,N/A,N/A,N/A
265.962,12020,492.703,322.560,0.330,4.019,55.000,N/A,4307.000,N/A,24.000,33.000,2625.000,11201.000,0.960,0.000,0.000,N/A,N/A,N/A,N/A,N/A,N/A,N/A
266.464,12020,483.904,323.279,0.363,4.006,55.000,N/A,4326.000,N/A,26.000,33.000,2625.000,11201.000,0.960,0.000,0.000,N/A,N/A,N/A,N/A,N/A,N/A,N/A
266.965,12020,484.299,322.956,0.349,4.007,55.000,N/A,4297.000,N/A,25.000,33.000,2625.000,11201.000,0.960,0.000,0.000,N/A,N/A,N/A,N/A,N/A,N/A,N/A
267.468,12020,472.392,284.795,0.252,4.054,53.000,N/A,4277.000,N/A,25.000,33.000,2625.000,11201.000,0.960,0.000,0.000,N/A,N/A,N/A,N/A,N/A,N/A,N/A
267.983,12020,444.124,284.689,0.303,4.376,55.000,N/A,4300.000,N/A,25.000,33.000,2625.000,11201.000,0.960,0.000,0.000,N/A,N/A,N/A,N/A,N/A,N/A,N/A
268.495,12020,428.214,267.580,0.332,4.859,54.000,N/A,4281.000,N/A,23.000,33.000,2625.000,11201.000,0.960,0.000,0.000,N/A,N/A,N/A,N/A,N/A,N/A,N/A
268.998,12020,452.663,309.607,0.370,4.802,55.000,N/A,4285.000,N/A,23.000,33.000,2625.000,11201.000,0.960,0.000,0.000,N/A,N/A,N/A,N/A,N/A,N/A,N/A
269.501,12020,453.009,284.366,0.409,4.872,55.000,N/A,4293.000,N/A,24.000,33.000,2625.000,11201.000,0.960,0.000,0.000,N/A,N/A,N/A,N/A,N/A,N/A,N/A
270.015,12020,461.449,304.869,0.327,4.826,54.000,N/A,4283.000,N/A,25.000,33.000,2625.000,11201.000,0.960,0.000,0.000,N/A,N/A,N/A,N/A,N/A,N/A,N/A
270.531,12020,441.656,275.323,0.368,4.759,54.000,N/A,4267.000,N/A,24.000,33.000,2625.000,11201.000,0.960,0.000,0.000,N/A,N/A,N/A,N/A,N/A,N/A,N/A
271.046,12020,448.285,210.655,0.348,4.624,54.000,N/A,4265.000,N/A,25.000,33.000,2625.000,11201.000,0.960,0.000,0.000,N/A,N/A,N/A,N/A,N/A,N/A,N/A
271.559,12020,460.815,280.654,0.368,4.492,54.000,N/A,4263.000,N/A,25.000,33.000,2625.000,11201.000,0.960,0.000,0.000,N/A,N/A,N/A,N/A,N/A,N/A,N/A
272.061,12020,470.624,288.484,0.333,4.295,54.000,N/A,4265.000,N/A,25.000,33.000,2625.000,11201.000,0.960,0.000,0.000,N/A,N/A,N/A,N/A,N/A,N/A,N/A
272.562,12020,458.274,288.492,0.370,4.402,54.000,N/A,4279.000,N/A,25.000,33.000,2625.000,11201.000,0.960,0.000,0.000,N/A,N/A,N/A,N/A,N/A,N/A,N/A
273.064,12020,450.787,297.336,0.358,4.581,56.000,N/A,4261.000,N/A,24.000,33.000,2625.000,11201.000,0.960,0.000,0.000,N/A,N/A,N/A,N/A,N/A,N/A,N/A
273.567,12020,443.605,260.329,0.295,4.650,54.000,N/A,4279.000,N/A,24.000,33.000,2625.000,11201.000,0.960,0.000,0.000,N/A,N/A,N/A,N/A,N/A,N/A,N/A
274.070,12020,465.284,290.901,0.295,4.686,54.000,N/A,4279.000,N/A,23.000,33.000,2625.000,11201.000,0.960,0.000,0.000,N/A,N/A,N/A,N/A,N/A,N/A,N/A
274.571,12020,485.124,309.847,0.377,4.410,54.000,N/A,4299.000,N/A,26.000,33.000,2625.000,11201.000,0.960,0.000,0.000,N/A,N/A,N/A,N/A,N/A,N/A,N/A
275.086,12020,469.187,265.506,0.353,4.457,55.000,N/A,4302.000,N/A,25.000,33.000,2625.000,11201.000,0.960,0.000,0.000,N/A,N/A,N/A,N/A,N/A,N/A,N/A
275.588,12020,460.661,285.633,0.329,4.689,53.000,N/A,4266.000,N/A,25.000,33.000,2625.000,11201.000,0.960,0.000,0.000,N/A,N/A,N/A,N/A,N/A,N/A,N/A
276.103,12020,453.694,264.613,0.334,4.810,55.000,N/A,4281.000,N/A,24.000,33.000,2625.000,11201.000,0.960,0.000,0.000,N/A,N/A,N/A,N/A,N/A,N/A,N/A
276.603,12020,463.025,294.768,0.377,4.801,54.000,N/A,4257.000,N/A,25.000,33.000,2625.000,11201.000,0.960,0.000,0.000,N/A,N/A,N/A,N/A,N/A,N/A,N/A
277.105,12020,459.709,288.342,0.377,4.842,54.000,N/A,4285.000,N/A,24.000,33.000,2625.000,11201.000,0.960,0.000,0.000,N/A,N/A,N/A,N/A,N/A,N/A,N/A
277.620,12020,466.223,254.130,0.340,4.675,54.000,N/A,4294.000,N/A,24.000,33.000,2625.000,11201.000,0.960,0.000,0.000,N/A,N/A,N/A,N/A,N/A,N/A,N/A
278.122,12020,460.519,273.763,0.407,4.748,54.000,N/A,4286.000,N/A,24.000,33.000,2625.000,11201.000,0.960,0.000,0.000,N/A,N/A,N/A,N/A,N/A,N/A,N/A
278.626,12020,458.821,281.057,0.349,4.642,55.000,N/A,4291.000,N/A,24.000,33.000,2625.000,11201.000,0.960,0.000,0.000,N/A,N/A,N/A,N/A,N/A,N/A,N/A
279.129,12020,450.725,231.965,0.375,4.686,54.000,N/A,4283.000,N/A,24.000,33.000,2625.000,11201.000,0.960,0.000,0.000,N/A,N/A,N/A,N/A,N/A,N/A,N/A
279.633,12020,478.179,259.000,0.317,4.689,54.000,N/A,4257.000,N/A,25.000,33.000,2625.000,11201.000,0.960,0.000,0.000,N/A,N/A,N/A,N/A,N/A,N/A,N/A
280.135,12020,486.272,321.399,0.368,4.548,55.000,N/A,4300.000,N/A,25.000,33.000,2625.000,11201.000,0.960,0.000,0.000,N/A,N/A,N/A,N/A,N/A,N/A,N/A
280.638,12020,483.319,312.930,0.308,4.385,54.000,N/A,4288.000,N/A,26.000,33.000,2625.000,11201.000,0.960,0.000,0.000,N/A,N/A,N/A,N/A,N/A,N/A,N/A
281.153,12020,457.677,273.688,0.370,4.630,54.000,N/A,4291.000,N/A,25.000,33.000,2625.000,11201.000,0.960,0.000,0.000,N/A,N/A,N/A,N/A,N/A,N/A,N/A
281.656,12020,459.187,251.099,0.343,4.461,54.000,N/A,4291.000,N/A,25.000,33.000,2625.000,11201.000,0.960,0.000,0.000,N/A,N/A,N/A,N/A,N/A,N/A,N/A
282.156,12020,443.469,252.723,0.308,4.413,54.000,N/A,4287.000,N/A,23.000,33.000,2625.000,11201.000,0.960,0.000,0.000,N/A,N/A,N/A,N/A,N/A,N/A,N/A
282.657,12020,462.778,290.436,0.321,4.360,56.000,N/A,4268.000,N/A,25.000,33.000,2625.000,11201.000,0.960,0.000,0.000,N/A,N/A,N/A,N/A,N/A,N/A,N/A
283.171,12020,468.671,318.857,0.365,4.479,53.000,N/A,4267.000,N/A,25.000,33.000,2625.000,11201.000,0.960,0.000,0.000,N/A,N/A,N/A,N/A,N/A,N/A,N/A
283.685,12020,464.921,320.585,0.389,4.621,54.000,N/A,4270.000,N/A,25.000,33.000,2625.000,11201.000,0.960,0.000,0.000,N/A,N/A,N/A,N/A,N/A,N/A,N/A
284.186,12020,455.393,280.316,0.387,4.616,55.000,N/A,4295.000,N/A,24.000,33.000,2625.000,11201.000,0.960,0.000,0.000,N/A,N/A,N/A,N/A,N/A,N/A,N/A
284.687,12020,462.972,295.029,0.346,4.599,54.000,N/A,4284.000,N/A,24.000,33.000,2625.000,11201.000,0.960,0.000,0.000,N/A,N/A,N/A,N/A,N/A,N/A,N/A
285.190,12020,475.718,304.599,0.353,4.413,56.000,N/A,4286.000,N/A,24.000,33.000,2625.000,11201.000,0.960,0.000,0.000,N/A,N/A,N/A,N/A,N/A,N/A,N/A
285.691,12020,476.158,333.689,0.379,4.351,54.000,N/A,4290.000,N/A,25.000,33.000,2625.000,11201.000,0.960,0.000,0.000,N/A,N/A,N/A,N/A,N/A,N/A,N/A
286.193,12020,462.842,285.380,0.418,4.472,54.000,N/A,4285.000,N/A,25.000,33.000,2625.000,11201.000,0.960,0.000,0.000,N/A,N/A,N/A,N/A,N/A,N/A,N/A
286.709,12020,439.898,285.584,0.362,4.616,54.000,N/A,4317.000,N/A,24.000,33.000,2625.000,11201.000,0.960,0.000,0.000,N/A,N/A,N/A,N/A,N/A,N/A,N/A
287.212,12020,445.268,228.754,0.324,4.562,55.000,N/A,4290.000,N/A,24.000,33.000,2625.000,11201.000,0.960,0.000,0.000,N/A,N/A,N/A,N/A,N/A,N/A,N/A
287.718,12020,453.544,290.799,0.319,4.441,53.000,N/A,4264.000,N/A,23.000,33.000,2625.000,11201.000,0.960,0.000,0.000,N/A,N/A,N/A,N/A,N/A,N/A,N/A
288.219,12020,464.878,302.535,0.350,4.406,54.000,N/A,4311.000,N/A,24.000,33.000,2625.000,11201.000,0.960,0.000,0.000,N/A,N/A,N/A,N/A,N/A,N/A,N/A
288.733,12020,457.732,294.672,0.342,4.468,54.000,N/A,4285.000,N/A,25.000,33.000,2625.000,11201.000,0.960,0.000,0.000,N/A,N/A,N/A,N/A,N/A,N/A,N/A
289.248,12020,451.983,299.052,0.296,4.573,53.000,N/A,4271.000,N/A,23.000,33.000,2625.000,11201.000,0.960,0.000,0.000,N/A,N/A,N/A,N/A,N/A,N/A,N/A
289.763,12020,448.518,276.449,0.384,4.894,54.000,N/A,4273.000,N/A,24.000,33.000,2625.000,11201.000,0.960,0.000,0.000,N/A,N/A,N/A,N/A,N/A,N/A,N/A
290.266,12020,436.754,222.583,0.362,5.089,53.000,N/A,4252.000,N/A,23.000,33.000,2625.000,11201.000,0.960,0.000,0.000,N/A,N/A,N/A,N/A,N/A,N/A,N/A
290.781,12020,461.203,323.761,0.336,5.159,53.000,N/A,4247.000,N/A,23.000,33.000,2625.000,11201.000,0.960,0.000,0.000,N/A,N/A,N/A,N/A,N/A,N/A,N/A
291.284,12020,464.905,275.953,0.416,5.113,56.000,N/A,4285.000,N/A,24.000,33.000,2625.000,11201.000,0.960,0.000,0.000,N/A,N/A,N/A,N/A,N/A,N/A,N/A
291.785,12020,457.110,268.176,0.359,4.793,54.000,N/A,4275.000,N/A,24.000,33.000,2625.000,11201.000,0.960,0.000,0.000,N/A,N/A,N/A,N/A,N/A,N/A,N/A
292.298,12020,460.028,274.205,0.343,4.581,55.000,N/A,4278.000,N/A,24.000,33.000,2625.000,11201.000,0.960,0.000,0.000,N/A,N/A,N/A,N/A,N/A,N/A,N/A
292.802,12020,468.462,280.954,0.359,4.178,54.000,N/A,4249.000,N/A,24.000,33.000,2625.000,11201.000,0.960,0.000,0.000,N/A,N/A,N/A,N/A,N/A,N/A,N/A
293.317,12020,474.670,316.496,0.347,4.130,55.000,N/A,4285.000,N/A,25.000,33.000,2625.000,11201.000,0.960,0.000,0.000,N/A,N/A,N/A,N/A,N/A,N/A,N/A
293.819,12020,483.339,315.378,0.333,4.171,55.000,N/A,4287.000,N/A,24.000,33.000,2625.000,11201.000,0.960,0.000,0.000,N/A,N/A,N/A,N/A,N/A,N/A,N/A
294.333,12020,467.774,288.859,0.286,4.378,55.000,N/A,4279.000,N/A,25.000,33.000,2625.000,11201.000,0.960,0.000,0.000,N/A,N/A,N/A,N/A,N/A,N/A,N/A
294.850,12020,456.132,283.495,0.382,4.609,54.000,N/A,4282.000,N/A,24.000,33.000,2625.000,11201.000,0.960,0.000,0.000,N/A,N/A,N/A,N/A,N/A,N/A,N/A
295.362,12020,454.544,303.933,0.353,4.682,54.000,N/A,4288.000,N/A,24.000,33.000,2625.000,11201.000,0.960,0.000,0.000,N/A,N/A,N/A,N/A,N/A,N/A,N/A
295.878,12020,455.178,263.595,0.302,4.518,55.000,N/A,4301.000,N/A,24.000,33.000,2625.000,11201.000,0.960,0.000,0.000,N/A,N/A,N/A,N/A,N/A,N/A,N/A
296.379,12020,480.241,295.561,0.302,4.489,54.000,N/A,4264.000,N/A,25.000,33.000,2625.000,11201.000,0.960,0.000,0.000,N/A,N/A,N/A,N/A,N/A,N/A,N/A
296.895,12020,484.244,304.962,0.323,4.581,55.000,N/A,4300.000,N/A,24.000,33.000,2625.000,11201.000,0.960,0.000,0.000,N/A,N/A,N/A,N/A,N/A,N/A,N/A
297.398,12020,454.236,284.285,0.352,4.738,54.000,N/A,4291.000,N/A,25.000,33.000,2625.000,11201.000,0.960,0.000,0.000,N/A,N/A,N/A,N/A,N/A,N/A,N/A
297.903,12020,458.092,299.276,0.344,4.792,54.000,N/A,4288.000,N/A,24.000,33.000,2625.000,11201.000,0.960,0.000,0.000,N/A,N/A,N/A,N/A,N/A,N/A,N/A
298.406,12020,473.549,281.357,0.342,4.550,56.000,N/A,4315.000,N/A,24.000,33.000,2625.000,11201.000,0.960,0.000,0.000,N/A,N/A,N/A,N/A,N/A,N/A,N/A
298.921,12020,482.465,301.232,0.359,4.213,55.000,N/A,4301.000,N/A,24.000,33.000,2625.000,11201.000,0.960,0.000,0.000,N/A,N/A,N/A,N/A,N/A,N/A,N/A
299.423,12020,470.366,301.033,0.298,4.021,56.000,N/A,4285.000,N/A,25.000,33.000,2625.000,11201.000,0.960,0.000,0.000,N/A,N/A,N/A,N/A,N/A,N/A,N/A
