DPC/ISR Enter Time (s),Type,Duration (Fragmented) (ms)
"0,081234000",Interrupt,"0,010900"
"0,081246100",DPC,"0,022600"
"0,155697000",Interrupt,"0,004300"
"0,155794700",DPC,"0,007200"
"0,155817200",Interrupt,"0,002000"
"0,155847800",DPC,
"0,464234500",Interrupt,"0,004400"
"0,464240100",DPC,"0,028700"
"0,483234000",Interrupt,"0,003000"
"0,483238200",DPC,"0,014600"
"0,964235000",Interrupt,"0,004200"
"0,964240400",DPC,
"0,983234800",Interrupt,"0,002800"
"0,983238700",DPC,"0,014500"
"1,464235500",Interrupt,"0,004500"
"1,464241300",DPC,"0,029100"
"1,483259000",Interrupt,"0,004400"
"1,483280600",DPC,"0,012900"
"1,964236200",Interrupt,"0,004800"
"1,964242200",DPC,"0,028600"
"1,983236200",Interrupt,"0,003200"
"1,983240600",DPC,
"2,464236500",Interrupt,"0,004600"
"2,464242300",DPC,"0,028500"
"2,483237300",Interrupt,"0,002800"
"2,483241300",DPC,"0,014000"
"2,964236800",Interrupt,"0,004100"
"2,964242100",DPC,"0,028300"
"2,983274500",Interrupt,"0,002600"
"2,983306300",DPC,"0,019000"
"3,464237300",Interrupt,"0,004200"
"3,464242600",DPC,"0,029400"
"3,483237400",Interrupt,"0,002900"
"3,483241500",DPC,"0,014100"
"3,964238300",Interrupt,"0,004500"
"3,964243900",DPC,
"3,983237600",Interrupt,"0,002700"
"3,983241500",DPC,"0,014200"
"4,464245700",Interrupt,"0,004200"
"4,464271300",DPC,"0,025300"
"4,483243600",Interrupt,"0,002600"
"4,483253200",DPC,"0,019100"
"4,964250000",Interrupt,"0,005600"
"4,964273600",DPC,"0,023500"
"4,983238400",Interrupt,"0,002800"
"4,983242400",DPC,"0,014900"
"5,464239300",Interrupt,"0,004300"
"5,464244800",DPC,"0,029500"
"5,483239200",Interrupt,"0,004500"
"5,483244900",DPC,"0,015100"
"5,964252000",Interrupt,"0,003700"
"5,964263100",DPC,"0,024300"
"5,983239700",Interrupt,"0,002900"
"5,983258700",DPC,"0,015000"
"6,464240300",Interrupt,"0,004500"
"6,464245900",DPC,
"6,483240200",Interrupt,"0,002700"
"6,483244100",DPC,"0,014100"
"6,964240600",Interrupt,"0,004200"
"6,964246000",DPC,
"6,983240500",Interrupt,"0,003500"
"6,983245200",DPC,"0,015700"
"7,464241100",Interrupt,"0,004900"
"7,464247100",DPC,"0,029000"
"7,483240800",Interrupt,"0,003200"
"7,483245300",DPC,"0,018100"
"7,964253000",Interrupt,"0,003600"
"7,964314800",DPC,"0,028000"
"7,983240900",Interrupt,"0,003200"
"7,983246300",DPC,"0,014400"
"8,464242300",Interrupt,"0,004700"
"8,464248200",DPC,"0,030700"
"8,483242400",Interrupt,"0,002700"
"8,483252400",DPC,"0,014000"
"8,964242700",Interrupt,"0,005000"
"8,964249200",DPC,"0,036600"
"8,983243100",Interrupt,"0,003500"
"8,983247900",DPC,"0,015400"
"9,464243300",Interrupt,"0,004400"
"9,464248900",DPC,
"9,483242600",Interrupt,"0,004100"
"9,483251500",DPC,"0,014100"
"9,964243600",Interrupt,"0,004100"
"9,964249000",DPC,
"9,983243600",Interrupt,"0,003800"
"9,983248500",DPC,"0,018100"
"10,464244000",Interrupt,"0,004400"
"10,464249600",DPC,"0,030300"
"10,483243900",Interrupt,"0,003000"
"10,483248000",DPC,"0,014300"
"10,964240400",Interrupt,"0,004700"
"10,964247300",DPC,"0,028000"
"10,983244400",Interrupt,"0,004000"
"10,983263700",DPC,
"11,464246100",Interrupt,"0,004700"
"11,464252000",DPC,"0,028000"
"11,483245000",Interrupt,"0,003100"
"11,483249300",DPC,"0,015600"
"11,964247300",Interrupt,"0,004500"
"11,964253800",DPC,"0,026500"
"11,983245200",Interrupt,"0,003700"
"11,983250000",DPC,"0,018700"
"12,464246100",Interrupt,"0,004600"
"12,464251800",DPC,"0,029100"
"12,483250300",Interrupt,"0,002400"
"12,483254100",DPC,"0,013000"
"12,964246500",Interrupt,"0,004100"
"12,964251800",DPC,
"12,983260400",Interrupt,"0,002800"
"12,983284700",DPC,"0,016100"
"13,464247000",Interrupt,"0,004500"
"13,464252700",DPC,"0,029300"
"13,483273000",Interrupt,"0,002200"
"13,483301000",DPC,"0,017700"
"13,964247400",Interrupt,"0,004200"
"13,964252700",DPC,
"13,983247600",Interrupt,"0,003300"
"13,983252100",DPC,"0,015900"
"14,464247900",Interrupt,"0,004100"
"14,464253200",DPC,
"14,483247400",Interrupt,"0,003300"
"14,483252200",DPC,"0,013200"
"14,964248300",Interrupt,"0,005100"
"14,964254500",DPC,"0,034400"
"14,983248200",Interrupt,"0,003100"
"14,983252500",DPC,"0,016600"
"15,464249000",Interrupt,"0,004700"
"15,464254900",DPC,"0,028800"
"15,483248500",Interrupt,"0,003000"
"15,483252700",DPC,"0,014400"
"15,964249400",Interrupt,"0,004300"
"15,964254900",DPC,"0,029100"
"15,983249200",Interrupt,"0,003800"
"15,983254100",DPC,"0,018300"
"16,464249800",Interrupt,"0,004500"
"16,464255400",DPC,"0,029200"
"16,483249400",Interrupt,"0,002800"
"16,483253400",DPC,"0,015100"
"16,964250400",Interrupt,"0,003900"
"16,964255500",DPC,"0,028700"
"16,983250300",Interrupt,"0,002800"
"16,983254300",DPC,"0,014600"
"17,464250500",Interrupt,"0,004700"
"17,464256800",DPC,
"17,483256900",Interrupt,"0,003300"
"17,483281100",DPC,"0,016300"
"17,964252400",Interrupt,"0,004100"
"17,964260500",DPC,"0,025700"
"17,983251800",Interrupt,"0,003000"
"17,983255900",DPC,"0,015500"
"18,464251800",Interrupt,"0,004000"
"18,464285300",DPC,"0,024600"
"18,483251700",Interrupt,"0,002800"
"18,483255700",DPC,"0,016200"
"18,964288200",Interrupt,"0,005100"
"18,964310200",DPC,"0,028400"
"18,983251600",Interrupt,"0,002600"
"18,983255500",DPC,"0,014200"
"19,464252700",Interrupt,"0,004300"
"19,464258200",DPC,
"19,483252700",Interrupt,"0,002600"
"19,483256600",DPC,"0,014500"
"19,964253200",Interrupt,"0,004100"
"19,964258500",DPC,"0,028300"
"19,983253000",Interrupt,"0,002700"
"19,983256800",DPC,"0,012600"
"20,464253700",Interrupt,"0,004900"
"20,464259800",DPC,"0,028600"
"20,483253500",Interrupt,"0,002800"
"20,483257400",DPC,"0,012800"
"20,964254600",Interrupt,"0,005400"
"20,964289900",DPC,"0,032300"
"20,983254100",Interrupt,"0,002900"
"20,983258200",DPC,"0,016800"
"21,464254600",Interrupt,"0,004300"
"21,464260100",DPC,"0,029300"
"21,483254400",Interrupt,"0,003500"
"21,483259000",DPC,"0,014600"
"21,964251400",Interrupt,"0,004300"
"21,964256900",DPC,"0,028700"
"21,983254900",Interrupt,"0,002600"
"21,983258700",DPC,"0,013500"
"22,464255700",Interrupt,"0,004300"
"22,464261100",DPC,
"22,483255500",Interrupt,"0,003200"
"22,483259900",DPC,"0,014100"
"22,964256200",Interrupt,"0,004200"
"22,964261600",DPC,"0,028400"
"22,983256000",Interrupt,"0,002800"
"22,983259900",DPC,"0,014100"
"23,464268600",Interrupt,"0,003700"
"23,464328300",DPC,"0,028700"
"23,483256500",Interrupt,"0,002900"
"23,483260500",DPC,"0,013500"
"23,964257200",Interrupt,"0,004200"
"23,964262600",DPC,
"23,983279600",Interrupt,"0,002500"
"23,983308700",DPC,"0,018400"
"24,464258700",Interrupt,"0,004200"
"24,464264000",DPC,"0,028200"
"24,483257200",Interrupt,"0,002900"
"24,483261300",DPC,"0,015000"
"24,964257700",Interrupt,"0,008400"
"24,964268100",DPC,"0,026200"
"24,983258000",Interrupt,"0,003600"
"24,983262800",DPC,"0,017100"
"25,464258500",Interrupt,"0,004300"
"25,464264000",DPC,"0,028200"
"25,483264000",Interrupt,"0,002900"
"25,483288400",DPC,"0,016000"
"25,964259000",Interrupt,"0,003800"
"25,964263900",DPC,"0,028500"
"25,983258800",Interrupt,"0,003200"
"25,983263100",DPC,"0,015000"
"26,464260200",Interrupt,"0,005500"
"26,464266900",DPC,"0,027400"
"26,483260800",Interrupt,"0,002800"
"26,483264800",DPC,"0,012100"
"26,964260000",Interrupt,"0,003800"
"26,964265000",DPC,"0,029300"
"26,983259800",Interrupt,"0,002800"
"26,983263800",DPC,"0,012800"
"27,464260400",Interrupt,"0,004200"
"27,464265800",DPC,"0,028100"
"27,483260300",Interrupt,"0,002700"
"27,483264200",DPC,"0,013300"
"27,964260800",Interrupt,"0,004300"
"27,964266300",DPC,
"27,983260700",Interrupt,"0,002900"
"27,983264800",DPC,"0,013900"
"28,464260900",Interrupt,"0,005200"
"28,464295600",DPC,"0,024200"
"28,483261200",Interrupt,"0,002400"
"28,483265000",DPC,"0,013100"
"28,964258300",Interrupt,"0,004400"
"28,964264000",DPC,"0,029600"
"28,983270200",Interrupt,"0,002800"
"28,983280900",DPC,"0,014800"
"29,464262400",Interrupt,"0,004400"
"29,464268000",DPC,"0,028500"
"29,483262500",Interrupt,"0,002800"
"29,483266500",DPC,"0,016400"
"29,964262900",Interrupt,"0,004200"
"29,964268200",DPC,
"29,983262300",Interrupt,"0,003100"
"29,983266600",DPC,"0,015600"
"30,464263300",Interrupt,"0,004600"
"30,464269200",DPC,
"30,483263200",Interrupt,"0,004000"
"30,483268500",DPC,"0,027800"
"30,964263900",Interrupt,"0,003800"
"30,964268900",DPC,"0,029700"
"30,983263700",Interrupt,"0,003000"
"30,983267800",DPC,
"31,464264700",Interrupt,"0,004500"
"31,464270300",DPC,"0,028900"
"31,483264300",Interrupt,"0,003400"
"31,483268900",DPC,"0,018700"
"31,964265200",Interrupt,"0,004300"
"31,964270700",DPC,"0,028800"
"31,983264600",Interrupt,"0,003100"
"31,983269000",DPC,"0,014200"
"32,464265200",Interrupt,"0,003900"
"32,464270300",DPC,"0,028300"
"32,483261900",Interrupt,
"32,483270900",DPC,"0,018600"
"32,964276700",Interrupt,"0,003800"
"32,964301300",DPC,"0,032300"
"32,983266600",Interrupt,"0,002600"
"32,983270400",DPC,"0,014700"
"33,464266200",Interrupt,"0,004300"
"33,464271700",DPC,"0,028400"
"33,483266000",Interrupt,"0,003000"
"33,483270300",DPC,"0,016400"
"33,964266700",Interrupt,"0,004100"
"33,964272000",DPC,"0,028500"
"33,983266200",Interrupt,"0,003400"
"33,983271300",DPC,"0,013400"
"34,464267200",Interrupt,"0,004100"
"34,464272500",DPC,
"34,483287900",Interrupt,"0,002800"
"34,483316700",DPC,"0,021200"
"34,964267900",Interrupt,"0,004300"
"34,964273500",DPC,"0,029000"
"34,983267200",Interrupt,"0,002600"
"34,983271000",DPC,"0,013500"
"35,464268000",Interrupt,"0,004500"
"35,464273700",DPC,"0,028300"
"35,483267800",Interrupt,"0,003900"
"35,483272900",DPC,"0,018000"
"35,964268500",Interrupt,"0,004300"
"35,964274000",DPC,
"35,983268400",Interrupt,"0,003100"
"35,983272700",DPC,"0,015800"
"36,464269000",Interrupt,"0,004100"
"36,464274300",DPC,"0,028200"
"36,483268900",Interrupt,"0,003100"
"36,483273200",DPC,"0,015400"
"36,964269600",Interrupt,"0,004400"
"36,964275200",DPC,"0,029200"
"36,983269500",Interrupt,"0,002700"
"36,983273400",DPC,"0,014600"
"37,464270000",Interrupt,"0,004200"
"37,464275400",DPC,"0,029500"
"37,483269900",Interrupt,"0,003200"
"37,483274300",DPC,"0,017000"
"37,964270500",Interrupt,"0,004200"
"37,964275900",DPC,"0,029400"
"37,983274400",Interrupt,"0,002700"
"37,983285800",DPC,"0,018800"
"38,464270800",Interrupt,"0,004800"
"38,464276900",DPC,
"38,483271000",Interrupt,"0,003100"
"38,483279200",DPC,"0,015500"
"38,964269300",Interrupt,"0,004200"
"38,964276300",DPC,"0,029500"
"38,983271100",Interrupt,"0,002900"
"38,983275200",DPC,"0,015300"
"39,464272300",Interrupt,"0,004800"
"39,464278300",DPC,
"39,483272800",Interrupt,"0,003300"
"39,483277300",DPC,"0,016200"
"39,964272500",Interrupt,"0,004800"
"39,964278500",DPC,"0,028800"
"39,983272300",Interrupt,"0,002900"
"39,983276400",DPC,"0,014200"
"40,464272900",Interrupt,"0,004300"
"40,464294100",DPC,"0,024000"
"40,483272800",Interrupt,"0,002700"
"40,483276700",DPC,"0,013900"
"40,964273400",Interrupt,"0,007900"
"40,964283000",DPC,"0,028500"
"40,983273200",Interrupt,"0,002800"
"40,983277100",DPC,"0,014700"
"41,464273800",Interrupt,"0,004200"
"41,464279200",DPC,"0,029300"
"41,483287800",Interrupt,"0,004400"
"41,483308300",DPC,"0,016100"
"41,964275400",Interrupt,"0,004600"
"41,964281200",DPC,"0,028100"
"41,983273800",Interrupt,"0,003100"
"41,983278100",DPC,"0,014900"
"42,464274400",Interrupt,"0,004700"
"42,464283600",DPC,"0,025900"
"42,483274400",Interrupt,"0,003000"
"42,483278700",DPC,"0,015100"
"42,964275300",Interrupt,"0,003800"
"42,964280300",DPC,"0,029300"
"42,983275300",Interrupt,"0,002800"
"42,983279300",DPC,"0,013600"
"43,464275900",Interrupt,"0,004400"
"43,464281500",DPC,"0,029200"
"43,483276000",Interrupt,"0,003100"
"43,483280300",DPC,"0,014800"
"43,964276100",Interrupt,"0,004400"
"43,964281700",DPC,"0,029200"
"43,983276400",Interrupt,"0,003200"
"43,983280800",DPC,
"44,464276800",Interrupt,"0,004300"
"44,464282300",DPC,
"44,483276700",Interrupt,"0,002900"
"44,483280800",DPC,"0,017200"
"44,964288200",Interrupt,"0,004000"
"44,964302300",DPC,
"44,983296400",Interrupt,"0,002600"
"44,983335100",DPC,"0,019300"
"45,464277900",Interrupt,"0,004600"
"45,464283600",DPC,"0,029000"
"45,483301800",Interrupt,"0,004600"
"45,483323100",DPC,"0,021800"
"45,964277800",Interrupt,"0,004200"
"45,964285500",DPC,"0,027500"
"45,983279100",Interrupt,"0,002800"
"45,983283100",DPC,"0,013000"
"46,464278900",Interrupt,"0,004100"
"46,464284200",DPC,"0,029400"
"46,483278800",Interrupt,"0,003000"
"46,483283000",DPC,"0,013200"
"46,964279400",Interrupt,"0,005000"
"46,964285800",DPC,"0,038600"
"46,983279200",Interrupt,"0,002800"
"46,983283100",DPC,"0,013100"
"47,464279600",Interrupt,"0,004200"
"47,464285000",DPC,"0,029400"
"47,483285300",Interrupt,"0,002900"
"47,483295500",DPC,"0,017900"
"47,964280000",Interrupt,"0,004000"
"47,964285200",DPC,"0,028700"
"47,983280400",Interrupt,"0,003500"
"47,983285000",DPC,"0,017200"
"48,464281800",Interrupt,"0,004200"
"48,464302800",DPC,"0,024400"
"48,483280500",Interrupt,"0,002500"
"48,483284200",DPC,"0,012400"
"48,964287400",Interrupt,"0,003600"
"48,964297700",DPC,
"48,983281100",Interrupt,"0,003100"
"48,983285400",DPC,
"49,464277600",Interrupt,"0,004300"
"49,464286300",DPC,
"49,483281300",Interrupt,"0,002800"
"49,483285300",DPC,"0,014300"
"49,964281900",Interrupt,"0,004400"
"49,964287400",DPC,"0,028300"
"49,983281900",Interrupt,"0,003400"
"49,983286400",DPC,"0,017600"
"50,464282900",Interrupt,"0,004400"
"50,464288500",DPC,"0,028700"
"50,483282500",Interrupt,"0,002900"
"50,483286700",DPC,"0,015600"
"50,964283000",Interrupt,"0,003800"
"50,964288000",DPC,"0,028600"
"50,983282700",Interrupt,"0,003300"
"50,983287200",DPC,
"51,464288700",Interrupt,"0,004200"
"51,464300400",DPC,"0,026500"
"51,483283100",Interrupt,"0,002900"
"51,483287200",DPC,"0,014900"
"51,964283900",Interrupt,"0,004400"
"51,964289500",DPC,"0,028900"
"51,983283800",Interrupt,"0,003500"
"51,983288500",DPC,"0,018000"
"52,464284500",Interrupt,"0,004200"
"52,464289800",DPC,
"52,483284300",Interrupt,"0,002700"
"52,483288100",DPC,"0,014200"
"52,964284900",Interrupt,"0,003800"
"52,964289900",DPC,"0,029300"
"52,983284200",Interrupt,"0,005100"
"52,983305700",DPC,"0,017100"
"53,464285400",Interrupt,"0,004400"
"53,464291000",DPC,"0,029300"
"53,483284900",Interrupt,"0,003500"
"53,483289900",DPC,"0,015300"
"53,964285800",Interrupt,"0,007000"
"53,964308800",DPC,"0,023900"
"53,983285200",Interrupt,"0,005600"
"53,983295800",DPC,"0,022800"
"54,464286600",Interrupt,"0,004400"
"54,464292100",DPC,"0,028200"
"54,483286200",Interrupt,"0,002700"
"54,483290200",DPC,"0,014900"
"54,964288000",Interrupt,"0,004300"
"54,964293600",DPC,
"54,983286700",Interrupt,"0,002800"
"54,983290700",DPC,"0,014400"
"55,464287300",Interrupt,"0,004400"
"55,464292900",DPC,"0,029400"
"55,483307000",Interrupt,"0,002500"
"55,483335200",DPC,"0,019000"
"55,964287900",Interrupt,"0,004100"
"55,964293100",DPC,"0,028300"
"55,983287600",Interrupt,"0,002700"
"55,983291400",DPC,"0,013600"
"56,464290000",Interrupt,"0,004200"
"56,464302000",DPC,"0,025000"
"56,483288100",Interrupt,"0,002700"
"56,483292000",DPC,"0,014300"
"56,964288800",Interrupt,"0,004200"
"56,964310200",DPC,"0,024400"
"56,983289800",Interrupt,"0,002800"
"56,983293700",DPC,"0,015100"
"57,464289400",Interrupt,"0,004400"
"57,464295000",DPC,"0,028400"
"57,483289200",Interrupt,"0,002900"
"57,483293300",DPC,"0,015200"
"57,964289800",Interrupt,"0,004100"
"57,964295100",DPC,"0,029100"
"57,983289400",Interrupt,"0,003300"
"57,983293900",DPC,
"58,464290100",Interrupt,"0,004200"
"58,464295500",DPC,"0,029500"
"58,483289900",Interrupt,"0,002900"
"58,483294000",DPC,"0,015000"
"58,964291000",Interrupt,"0,004100"
"58,964296200",DPC,"0,029000"
"58,983290400",Interrupt,"0,002800"
"58,983294400",DPC,"0,014600"
"59,464291200",Interrupt,"0,004300"
"59,464296800",DPC,
"59,483290800",Interrupt,"0,003000"
"59,483295000",DPC,"0,015200"
"59,964291400",Interrupt,"0,004900"
"59,964298200",DPC,"0,028100"
"59,983291500",Interrupt,"0,003000"
"59,983310800",DPC,"0,014800"
"60,464308200",Interrupt,"0,005500"
"60,464326300",DPC,"0,023800"
"60,483291900",Interrupt,"0,003200"
"60,483296300",DPC,"0,015900"
"60,964292600",Interrupt,"0,004000"
"60,964297800",DPC,"0,029300"
"60,983292400",Interrupt,"0,002800"
"60,983296300",DPC,"0,014500"
"61,464294200",Interrupt,"0,004200"
"61,464299600",DPC,"0,028300"
"61,483292900",Interrupt,"0,003100"
"61,483297200",DPC,"0,014400"
"61,964293600",Interrupt,"0,004100"
"61,964298800",DPC,"0,028300"
"61,983293200",Interrupt,"0,002600"
"61,983312500",DPC,"0,015000"
"62,464294100",Interrupt,"0,004200"
"62,464299500",DPC,"0,028100"
"62,483294000",Interrupt,"0,005100"
"62,483301300",DPC,"0,013400"
"62,964294500",Interrupt,"0,004600"
"62,964300300",DPC,
"62,983294500",Interrupt,"0,003200"
"62,983298900",DPC,"0,014100"
"63,464294900",Interrupt,"0,004600"
"63,464300600",DPC,
"63,483295900",Interrupt,"0,004100"
"63,483301200",DPC,"0,027900"
"63,964295500",Interrupt,"0,004600"
"63,964301100",DPC,"0,028500"
"63,983309700",Interrupt,"0,003400"
"63,983320600",DPC,"0,019300"
"64,464296100",Interrupt,"0,004500"
"64,464301800",DPC,"0,029100"
"64,483300200",Interrupt,"0,002900"
"64,483304800",DPC,"0,013300"
"64,964296400",Interrupt,"0,004200"
"64,964301800",DPC,"0,028400"
"64,983296400",Interrupt,"0,002700"
"64,983300200",DPC,"0,013200"
"65,464296800",Interrupt,"0,004400"
"65,464302400",DPC,"0,028600"
"65,483296700",Interrupt,"0,003200"
"65,483301100",DPC,"0,013900"
"65,964300800",Interrupt,"0,003800"
"65,964314900",DPC,"0,024100"
"65,983326200",Interrupt,"0,003000"
"65,983357000",DPC,"0,020800"
"66,464298000",Interrupt,"0,004400"
"66,464303700",DPC,"0,028900"
"66,483297800",Interrupt,"0,003300"
"66,483302400",DPC,"0,017800"
"66,964298200",Interrupt,"0,004300"
"66,964303700",DPC,"0,029200"
"66,983297900",Interrupt,"0,003000"
"66,983302100",DPC,"0,014900"
"67,464299000",Interrupt,"0,004600"
"67,464304900",DPC,"0,028800"
"67,483298500",Interrupt,"0,003800"
"67,483303500",DPC,
"67,964299300",Interrupt,"0,003900"
"67,964304500",DPC,
"67,983299400",Interrupt,"0,003400"
"67,983304000",DPC,"0,028400"
"68,464303000",Interrupt,"0,004300"
"68,464331500",DPC,"0,023700"
"68,483299900",Interrupt,"0,003200"
"68,483304300",DPC,"0,015800"
"68,964300100",Interrupt,"0,004400"
"68,964305700",DPC,
"68,983300300",Interrupt,"0,003600"
"68,983321800",DPC,"0,014700"
"69,464301000",Interrupt,"0,004500"
"69,464306600",DPC,"0,028900"
"69,483300600",Interrupt,"0,003400"
"69,483305300",DPC,"0,015600"
"69,964301200",Interrupt,"0,004400"
"69,964306800",DPC,
"69,983302100",Interrupt,"0,003000"
"69,983306300",DPC,"0,014600"
"70,464301900",Interrupt,"0,006000"
"70,464310900",DPC,"0,025500"
"70,483302100",Interrupt,"0,002900"
"70,483306200",DPC,"0,015800"
"70,964302100",Interrupt,"0,004000"
"70,964307300",DPC,
"70,983302200",Interrupt,"0,003100"
"70,983306500",DPC,"0,014200"
"71,464302600",Interrupt,"0,004300"
"71,464336400",DPC,"0,034100"
"71,483302600",Interrupt,"0,003200"
"71,483307000",DPC,"0,015200"
"71,964303400",Interrupt,"0,004400"
"71,964308900",DPC,"0,029200"
"71,983302800",Interrupt,"0,002800"
"71,983306800",DPC,"0,015500"
"72,464303900",Interrupt,"0,004700"
"72,464309800",DPC,"0,028500"
"72,483303400",Interrupt,"0,003100"
"72,483307700",DPC,"0,015900"
"72,964304100",Interrupt,"0,004500"
"72,964311300",DPC,"0,027600"
"72,983304100",Interrupt,"0,003100"
"72,983308400",DPC,
"73,464304500",Interrupt,"0,004100"
"73,464309800",DPC,"0,029600"
"73,483304500",Interrupt,"0,003500"
"73,483325400",DPC,"0,017400"
"73,964305100",Interrupt,"0,004600"
"73,964310900",DPC,
"73,983305100",Interrupt,"0,003000"
"73,983309200",DPC,"0,015900"
"74,464305600",Interrupt,"0,004500"
"74,464311300",DPC,"0,029200"
"74,483305400",Interrupt,"0,003200"
"74,483309800",DPC,"0,014900"
"74,964306300",Interrupt,"0,004500"
"74,964312000",DPC,"0,028800"
"74,983305700",Interrupt,"0,003500"
"74,983310400",DPC,
"75,464306500",Interrupt,"0,004600"
"75,464312300",DPC,"0,028900"
"75,483306300",Interrupt,"0,002900"
"75,483310400",DPC,"0,016000"
"75,964314300",Interrupt,"0,003900"
"75,964325500",DPC,"0,024100"
"75,983306900",Interrupt,"0,003400"
"75,983311400",DPC,"0,017600"
"76,464307600",Interrupt,"0,004000"
"76,464312800",DPC,
"76,483332900",Interrupt,"0,002400"
"76,483362600",DPC,"0,019900"
"76,964308100",Interrupt,"0,004200"
"76,964313500",DPC,"0,028900"
"76,983307800",Interrupt,"0,003100"
"76,983312000",DPC,"0,013000"
"77,464308400",Interrupt,"0,004200"
"77,464313700",DPC,"0,029400"
"77,483308100",Interrupt,"0,003300"
"77,483312700",DPC,"0,014900"
"77,964309000",Interrupt,"0,004600"
"77,964314800",DPC,"0,028900"
"77,983324900",Interrupt,"0,003900"
"77,983345200",DPC,"0,014200"
"78,464310400",Interrupt,"0,003700"
"78,464315400",DPC,"0,027700"
"78,483309400",Interrupt,"0,003000"
"78,483313600",DPC,"0,015000"
"78,964310900",Interrupt,"0,004100"
"78,964316200",DPC,"0,028400"
"78,983310200",Interrupt,"0,002700"
"78,983314100",DPC,"0,014800"
"79,464310200",Interrupt,"0,004200"
"79,464315600",DPC,"0,029600"
"79,483310100",Interrupt,"0,003000"
"79,483314300",DPC,"0,016700"
"79,964310600",Interrupt,"0,004200"
"79,964316000",DPC,
"79,983310700",Interrupt,"0,003000"
"79,983314900",DPC,"0,015300"
"80,464311200",Interrupt,"0,004600"
"80,464332500",DPC,
"80,483311200",Interrupt,"0,003000"
"80,483315400",DPC,"0,015600"
"80,964343400",Interrupt,"0,005100"
"80,964383600",DPC,"0,029800"
"80,983311600",Interrupt,"0,002700"
"80,983315500",DPC,"0,014700"
"81,464312400",Interrupt,"0,004400"
"81,464318000",DPC,"0,029200"
"81,483312000",Interrupt,"0,005500"
"81,483321500",DPC,"0,024000"
"81,964313100",Interrupt,"0,004300"
"81,964318600",DPC,"0,028400"
"81,983312600",Interrupt,"0,002700"
"81,983316500",DPC,"0,015200"
"82,464313300",Interrupt,"0,004400"
"82,464334700",DPC,"0,025300"
"82,483313300",Interrupt,"0,003000"
"82,483317500",DPC,"0,014400"
"82,964313700",Interrupt,"0,004100"
"82,964319000",DPC,
"82,983313600",Interrupt,"0,003400"
"82,983318200",DPC,"0,014700"
"83,464314200",Interrupt,"0,004200"
"83,464319500",DPC,
"83,483314100",Interrupt,"0,005300"
"83,483337000",DPC,"0,013500"
"83,964314700",Interrupt,"0,004300"
"83,964320300",DPC,"0,028900"
"83,983314100",Interrupt,"0,002700"
"83,983318000",DPC,"0,014800"
"84,464314900",Interrupt,"0,004300"
"84,464320400",DPC,"0,029200"
"84,483315200",Interrupt,"0,002800"
"84,483319200",DPC,"0,014000"
"84,964316000",Interrupt,"0,003700"
"84,964320900",DPC,"0,028500"
"84,983315300",Interrupt,"0,002900"
"84,983319300",DPC,"0,013000"
"85,464317100",Interrupt,"0,004800"
"85,464323000",DPC,"0,027900"
"85,483315900",Interrupt,"0,003000"
"85,483320100",DPC,"0,014800"
"85,964316800",Interrupt,"0,004500"
"85,964322500",DPC,"0,028900"
"85,983317000",Interrupt,"0,004500"
"85,983324000",DPC,"0,025700"
"86,464317100",Interrupt,"0,004600"
"86,464322900",DPC,"0,029200"
"86,483316900",Interrupt,"0,002900"
"86,483320900",DPC,"0,015500"
"86,964317400",Interrupt,"0,004300"
"86,964322900",DPC,"0,029200"
"86,983341300",Interrupt,"0,004300"
"86,983370400",DPC,"0,023100"
"87,464318100",Interrupt,"0,004400"
"87,464323600",DPC,"0,029300"
"87,483319800",Interrupt,"0,002700"
"87,483342200",DPC,"0,016500"
"87,964318400",Interrupt,"0,004800"
"87,964324700",DPC,"0,036900"
"87,983318500",Interrupt,"0,003500"
"87,983323200",DPC,"0,016900"
"88,464319100",Interrupt,"0,004300"
"88,464341400",DPC,"0,025800"
"88,483318900",Interrupt,"0,003200"
"88,483323300",DPC,"0,015100"
"88,964319600",Interrupt,"0,005600"
"88,964326500",DPC,"0,035500"
"88,983319500",Interrupt,"0,003400"
"88,983324100",DPC,"0,018500"
"89,464320000",Interrupt,"0,004400"
"89,464325500",DPC,"0,028900"
"89,483319900",Interrupt,"0,003000"
"89,483324100",DPC,"0,016900"
"89,964320300",Interrupt,"0,004200"
"89,964325700",DPC,
"89,983320200",Interrupt,"0,003200"
"89,983324600",DPC,"0,018700"
"90,464321000",Interrupt,"0,004300"
"90,464326500",DPC,"0,028800"
"90,483320700",Interrupt,"0,002800"
"90,483340600",DPC,"0,014200"
"90,964321100",Interrupt,"0,004400"
"90,964327200",DPC,
"90,983321200",Interrupt,"0,003500"
"90,983325900",DPC,"0,016600"
"91,464321800",Interrupt,"0,004300"
"91,464335700",DPC,"0,024400"
"91,483322400",Interrupt,"0,004700"
"91,483334200",DPC,"0,020400"
"91,964323800",Interrupt,"0,005100"
"91,964330000",DPC,"0,027200"
"91,983322100",Interrupt,"0,003300"
"91,983326500",DPC,"0,014900"
"92,464323000",Interrupt,"0,004300"
"92,464328500",DPC,"0,028300"
"92,483322600",Interrupt,"0,002400"
"92,483326100",DPC,"0,011700"
"92,964323300",Interrupt,"0,004300"
"92,964328800",DPC,"0,029100"
"92,983323500",Interrupt,"0,003100"
"92,983327800",DPC,"0,014200"
"93,464323800",Interrupt,"0,003900"
"93,464328900",DPC,"0,028700"
"93,483323500",Interrupt,"0,003000"
"93,483327700",DPC,"0,014400"
"93,964324200",Interrupt,"0,004400"
"93,964329700",DPC,"0,028100"
"93,983325600",Interrupt,"0,003200"
"93,983330000",DPC,"0,016900"
"94,464324700",Interrupt,"0,004400"
"94,464330300",DPC,"0,029400"
"94,483324500",Interrupt,"0,002500"
"94,483328200",DPC,"0,013800"
"94,964325100",Interrupt,"0,004600"
"94,964330800",DPC,
"94,983325200",Interrupt,"0,003400"
"94,983329800",DPC,"0,017200"
"95,464325600",Interrupt,"0,004600"
"95,464331400",DPC,"0,029100"
"95,483325400",Interrupt,"0,002900"
"95,483329500",DPC,"0,014500"
"95,964338800",Interrupt,"0,004100"
"95,964348600",DPC,"0,025200"
"95,983326000",Interrupt,"0,003600"
"95,983330700",DPC,"0,017800"
"96,464326700",Interrupt,"0,004600"
"96,464332500",DPC,"0,028600"
"96,483326600",Interrupt,"0,002700"
"96,483330400",DPC,"0,015300"
"96,964327700",Interrupt,"0,004200"
"96,964361800",DPC,"0,033200"
"96,983326900",Interrupt,"0,002900"
"96,983331000",DPC,"0,015000"
"97,464327600",Interrupt,"0,004100"
"97,464332900",DPC,"0,028900"
"97,483358600",Interrupt,"0,002600"
"97,483386600",DPC,"0,019800"
"97,964327800",Interrupt,"0,006100"
"97,964340000",DPC,
"97,983329000",Interrupt,"0,003200"
"97,983339200",DPC,"0,022500"
"98,464328500",Interrupt,"0,004700"
"98,464334400",DPC,"0,028900"
"98,483328600",Interrupt,"0,003400"
"98,483333200",DPC,"0,016400"
"98,964329100",Interrupt,"0,004400"
"98,964334700",DPC,
"98,983329100",Interrupt,"0,002800"
"98,983333200",DPC,"0,019600"
"99,464329700",Interrupt,"0,004500"
"99,464335400",DPC,"0,029000"
"99,483328900",Interrupt,"0,003700"
"99,483334100",DPC,"0,015300"
"99,964329900",Interrupt,"0,004800"
"99,964335900",DPC,"0,028600"
"99,983330000",Interrupt,"0,003100"
"99,983334200",DPC,"0,016100"
"100,464330900",Interrupt,"0,004600"
"100,464336800",DPC,"0,028100"
"100,483331900",Interrupt,"0,002700"
"100,483335700",DPC,"0,020100"
"100,964331000",Interrupt,"0,004100"
"100,964336400",DPC,"0,028500"
"100,983331100",Interrupt,"0,003400"
"100,983335800",DPC,"0,015000"
"101,464331500",Interrupt,"0,004300"
"101,464337000",DPC,"0,028400"
"101,483331300",Interrupt,"0,002500"
"101,483350700",DPC,"0,014600"
"101,964331600",Interrupt,"0,005400"
"101,964375800",DPC,"0,029900"
"101,983331900",Interrupt,"0,003500"
"101,983336500",DPC,
"102,464332300",Interrupt,"0,004100"
"102,464337600",DPC,"0,028100"
"102,483332100",Interrupt,"0,002800"
"102,483336100",DPC,"0,015200"
"102,964332600",Interrupt,"0,006300"
"102,964343600",DPC,"0,024500"
"102,983336800",Interrupt,"0,005600"
"102,983349600",DPC,"0,017400"
"103,464333300",Interrupt,"0,004400"
"103,464338800",DPC,"0,028800"
"103,483332900",Interrupt,"0,003100"
"103,483337200",DPC,"0,014800"
"103,964333700",Interrupt,"0,004500"
"103,964351100",DPC,"0,024300"
"103,983346500",Interrupt,"0,003100"
"103,983356300",DPC,"0,015800"
"104,464334300",Interrupt,"0,004300"
"104,464339700",DPC,"0,028200"
"104,483334400",Interrupt,"0,003000"
"104,483338600",DPC,"0,017000"
"104,964334800",Interrupt,"0,003900"
"104,964339800",DPC,
"104,983334600",Interrupt,"0,004600"
"104,983340500",DPC,"0,017200"
"105,464335500",Interrupt,"0,004300"
"105,464341000",DPC,"0,029000"
"105,483335000",Interrupt,"0,003400"
"105,483340000",DPC,"0,015000"
"105,964335700",Interrupt,"0,004000"
"105,964340900",DPC,
"105,983339000",Interrupt,"0,002500"
"105,983362300",DPC,"0,014200"
"106,464336700",Interrupt,"0,004300"
"106,464342200",DPC,"0,028900"
"106,483335900",Interrupt,"0,003400"
"106,483340800",DPC,"0,014000"
"106,964337100",Interrupt,"0,004500"
"106,964342800",DPC,"0,028800"
"106,983337300",Interrupt,"0,003000"
"106,983343200",DPC,"0,014800"
"107,464337100",Interrupt,"0,005000"
"107,464343300",DPC,"0,028700"
"107,483336900",Interrupt,"0,003700"
"107,483341800",DPC,"0,018600"
"107,964337400",Interrupt,"0,004300"
"107,964342900",DPC,"0,028000"
"107,983337500",Interrupt,"0,003200"
"107,983382200",DPC,"0,022700"
"108,464338200",Interrupt,"0,004300"
"108,464343600",DPC,"0,028700"
"108,483338300",Interrupt,"0,003800"
"108,483343400",DPC,"0,018700"
"108,964338700",Interrupt,"0,004000"
"108,964343900",DPC,"0,028300"
"108,983338700",Interrupt,"0,003000"
"108,983342900",DPC,"0,016400"
"109,464345300",Interrupt,"0,004000"
"109,464356800",DPC,
"109,483339300",Interrupt,"0,004200"
"109,483344700",DPC,"0,018600"
"109,964339500",Interrupt,"0,004300"
"109,964345000",DPC,"0,028000"
"109,983339500",Interrupt,"0,002900"
"109,983343600",DPC,"0,014900"
"110,464340000",Interrupt,"0,004300"
"110,464345500",DPC,"0,029500"
"110,483339800",Interrupt,"0,003400"
"110,483344400",DPC,"0,018600"
"110,964340500",Interrupt,"0,004100"
"110,964345800",DPC,"0,029400"
"110,983340800",Interrupt,"0,003200"
"110,983345100",DPC,"0,014600"
"111,464341000",Interrupt,"0,004800"
"111,464347000",DPC,"0,028800"
"111,483346500",Interrupt,"0,003600"
"111,483357900",DPC,
"111,964337700",Interrupt,"0,004600"
"111,964343500",DPC,"0,029800"
"111,983341200",Interrupt,"0,002900"
"111,983345300",DPC,"0,016400"
"112,464341700",Interrupt,"0,005600"
"112,464370700",DPC,"0,025100"
"112,483342200",Interrupt,"0,002900"
"112,483346400",DPC,"0,014600"
"112,964343200",Interrupt,"0,004400"
"112,964350400",DPC,"0,026900"
"112,983342400",Interrupt,"0,002800"
"112,983346600",DPC,"0,012900"
"113,464342600",Interrupt,"0,005100"
"113,464349700",DPC,"0,028100"
"113,483350900",Interrupt,"0,002500"
"113,483374300",DPC,"0,011500"
"113,964343300",Interrupt,"0,004000"
"113,964348500",DPC,
"113,983343200",Interrupt,"0,002700"
"113,983347100",DPC,"0,011200"
"114,464344000",Interrupt,"0,004100"
"114,464349200",DPC,"0,028200"
"114,483343900",Interrupt,"0,002600"
"114,483347700",DPC,"0,011800"
"114,964344600",Interrupt,"0,004100"
"114,964350000",DPC,"0,027900"
"114,983344100",Interrupt,"0,002700"
"114,983348000",DPC,"0,011400"
"115,464345100",Interrupt,"0,004300"
"115,464366700",DPC,"0,025000"
"115,483344500",Interrupt,"0,003000"
"115,483348600",DPC,"0,013000"
"115,964346300",Interrupt,"0,007200"
"115,964355000",DPC,"0,026300"
"115,983345000",Interrupt,"0,004700"
"115,983367400",DPC,"0,011600"
"116,464345700",Interrupt,"0,004300"
"116,464351200",DPC,"0,028300"
"116,483345800",Interrupt,"0,002700"
"116,483349700",DPC,"0,012700"
"116,964346300",Interrupt,"0,004200"
"116,964351800",DPC,"0,028100"
"116,983346200",Interrupt,"0,004500"
"116,983352200",DPC,"0,014900"
"117,464350100",Interrupt,"0,004000"
"117,464359400",DPC,"0,024400"
"117,483346600",Interrupt,"0,003000"
"117,483350800",DPC,"0,014900"
"117,964347200",Interrupt,"0,004700"
"117,964368500",DPC,"0,023600"
"117,983347100",Interrupt,"0,002900"
"117,983351200",DPC,"0,013700"
"118,464347800",Interrupt,"0,004400"
"118,464353400",DPC,"0,028900"
"118,483352200",Interrupt,"0,002500"
"118,483416700",DPC,"0,017700"
"118,964348400",Interrupt,"0,004400"
"118,964354000",DPC,"0,028100"
"118,983348300",Interrupt,"0,002700"
"118,983352200",DPC,"0,013400"
"119,464349100",Interrupt,"0,004500"
"119,464354800",DPC,"0,028800"
"119,483348600",Interrupt,"0,003800"
"119,483353600",DPC,"0,013800"
"119,964349000",Interrupt,"0,003900"
"119,964354100",DPC,"0,028700"
"119,983349100",Interrupt,"0,003000"
"119,983353200",DPC,"0,013200"
"120,464350400",Interrupt,"0,004300"
"120,464355900",DPC,"0,028300"
"120,483349500",Interrupt,"0,002800"
"120,483353500",DPC,"0,013200"
"120,964350100",Interrupt,"0,003800"
"120,964355100",DPC,
"120,983350200",Interrupt,"0,003100"
"120,983354500",DPC,"0,015300"
"121,464384300",Interrupt,"0,006400"
"121,464407700",DPC,"0,029500"
"121,483350600",Interrupt,"0,003100"
"121,483354800",DPC,"0,015200"
"121,964351300",Interrupt,"0,004400"
"121,964356900",DPC,"0,028900"
"121,983361200",Interrupt,"0,002500"
"121,983370300",DPC,"0,014900"
"122,464352700",Interrupt,"0,004400"
"122,464358300",DPC,"0,028200"
"122,483351500",Interrupt,"0,002800"
"122,483355500",DPC,"0,014800"
"122,964354900",Interrupt,"0,004100"
"122,964390600",DPC,
"122,983352000",Interrupt,"0,003400"
"122,983356600",DPC,"0,016200"
"123,464352800",Interrupt,"0,004600"
"123,464358600",DPC,"0,028800"
"123,483352500",Interrupt,"0,002900"
"123,483356600",DPC,"0,016700"
"123,964353000",Interrupt,"0,004100"
"123,964358300",DPC,
"123,983352900",Interrupt,"0,003300"
"123,983357400",DPC,"0,018800"
"124,464353900",Interrupt,"0,004400"
"124,464359500",DPC,"0,029000"
"124,483354500",Interrupt,"0,002800"
"124,483358600",DPC,"0,015000"
"124,964354500",Interrupt,"0,004900"
"124,964360600",DPC,"0,028300"
"124,983354100",Interrupt,"0,003300"
"124,983358600",DPC,"0,015200"
"125,464354600",Interrupt,"0,004500"
"125,464360400",DPC,
"125,483354500",Interrupt,"0,003000"
"125,483358700",DPC,"0,015100"
"125,964365500",Interrupt,"0,003900"
"125,964379700",DPC,"0,024200"
"125,983354800",Interrupt,"0,003200"
"125,983359100",DPC,"0,016900"
"126,464355500",Interrupt,"0,004800"
"126,464361700",DPC,"0,028900"
"126,483355300",Interrupt,"0,002900"
"126,483359400",DPC,"0,016000"
"126,964356100",Interrupt,"0,004500"
"126,964361700",DPC,"0,029000"
"126,983355700",Interrupt,"0,003300"
"126,983360600",DPC,
"127,464356200",Interrupt,"0,005000"
"127,464362400",DPC,"0,028900"
"127,483356200",Interrupt,"0,003300"
"127,483360700",DPC,"0,016600"
"127,964361200",Interrupt,"0,004700"
"127,964384800",DPC,
"127,983356900",Interrupt,"0,003200"
"127,983361300",DPC,"0,019600"
"128,464357300",Interrupt,"0,004900"
"128,464363400",DPC,"0,029000"
"128,483356900",Interrupt,"0,003500"
"128,483363600",DPC,"0,014900"
"128,964358900",Interrupt,"0,004200"
"128,964364300",DPC,"0,028300"
"128,983357600",Interrupt,"0,004900"
"128,983365300",DPC,
"129,464357900",Interrupt,"0,004400"
"129,464365000",DPC,"0,028100"
"129,483358100",Interrupt,"0,002900"
"129,483362200",DPC,
"129,964358400",Interrupt,"0,005200"
"129,964414700",DPC,"0,027700"
"129,983358700",Interrupt,"0,003100"
"129,983362900",DPC,"0,016800"
"130,464359400",Interrupt,"0,004300"
"130,464364900",DPC,"0,028100"
"130,483359300",Interrupt,"0,002700"
"130,483363200",DPC,
"130,964382900",Interrupt,"0,005400"
"130,964405000",DPC,"0,028100"
"130,983360800",Interrupt,"0,003700"
"130,983365700",DPC,"0,016600"
"131,464360200",Interrupt,"0,004800"
"131,464366100",DPC,"0,029100"
"131,483360100",Interrupt,"0,002800"
"131,483364000",DPC,"0,014800"
"131,964367100",Interrupt,"0,003900"
"131,964378200",DPC,"0,024900"
"131,983360800",Interrupt,"0,003500"
"131,983365500",DPC,"0,018400"
"132,464367500",Interrupt,"0,004800"
"132,464383600",DPC,"0,024500"
"132,483361200",Interrupt,"0,003000"
"132,483365500",DPC,"0,013700"
"132,964362000",Interrupt,"0,005000"
"132,964368300",DPC,"0,028100"
"132,983361600",Interrupt,"0,002900"
"132,983365700",DPC,"0,014800"
"133,464365400",Interrupt,"0,004100"
"133,464395000",DPC,
"133,483362100",Interrupt,"0,003100"
"133,483366400",DPC,
"133,964362400",Interrupt,"0,005200"
"133,964368800",DPC,"0,028200"
"133,983362700",Interrupt,"0,003200"
"133,983367100",DPC,
"134,464363100",Interrupt,"0,004500"
"134,464368800",DPC,"0,028500"
"134,483363100",Interrupt,"0,003400"
"134,483367800",DPC,"0,028600"
"134,964363700",Interrupt,"0,004500"
"134,964369400",DPC,"0,033700"
"134,983374200",Interrupt,"0,002900"
"134,983385900",DPC,"0,017800"
"135,464364100",Interrupt,"0,004600"
"135,464369800",DPC,"0,029000"
"135,483363800",Interrupt,"0,002900"
"135,483367800",DPC,"0,013900"
"135,964364900",Interrupt,"0,004400"
"135,964385900",DPC,"0,024900"
"135,983364600",Interrupt,"0,003100"
"135,983368900",DPC,"0,014100"
"136,464364800",Interrupt,"0,004200"
"136,464374500",DPC,"0,025400"
"136,483364800",Interrupt,"0,002600"
"136,483368600",DPC,"0,015100"
"136,964366000",Interrupt,"0,004300"
"136,964371500",DPC,"0,028900"
"136,983365300",Interrupt,"0,003100"
"136,983369600",DPC,"0,014000"
"137,464366200",Interrupt,"0,004600"
"137,464372000",DPC,"0,028700"
"137,483366900",Interrupt,"0,002700"
"137,483370900",DPC,"0,014900"
"137,964369900",Interrupt,"0,003700"
"137,964380700",DPC,"0,024700"
"137,983366600",Interrupt,"0,002800"
"137,983370700",DPC,"0,014200"
"138,464367200",Interrupt,"0,004100"
"138,464372500",DPC,
"138,483370500",Interrupt,"0,002600"
"138,483383300",DPC,"0,017700"
"138,964367400",Interrupt,"0,004300"
"138,964372800",DPC,"0,029100"
"138,983367300",Interrupt,"0,002700"
"138,983371200",DPC,"0,014100"
"139,464367800",Interrupt,"0,004700"
"139,464373700",DPC,"0,028500"
"139,483371600",Interrupt,"0,002900"
"139,483433400",DPC,"0,019700"
"139,964368500",Interrupt,"0,004500"
"139,964374200",DPC,"0,029100"
"139,983368400",Interrupt,"0,002800"
"139,983372400",DPC,"0,013700"
"140,464368900",Interrupt,"0,004200"
"140,464374200",DPC,"0,028300"
"140,483368800",Interrupt,"0,002600"
"140,483372500",DPC,
"140,964373300",Interrupt,"0,005800"
"140,964386300",DPC,"0,025100"
"140,983369300",Interrupt,"0,002800"
"140,983373300",DPC,"0,014500"
"141,464369700",Interrupt,"0,004700"
"141,464375600",DPC,
"141,483380600",Interrupt,"0,002400"
"141,483390000",DPC,"0,014100"
"141,964370500",Interrupt,"0,004300"
"141,964376000",DPC,"0,028600"
"141,983370100",Interrupt,"0,002800"
"141,983374100",DPC,"0,013900"
"142,464370800",Interrupt,"0,004600"
"142,464376600",DPC,"0,029100"
"142,483370400",Interrupt,"0,002700"
"142,483374300",DPC,
"142,964371400",Interrupt,"0,004400"
"142,964377000",DPC,"0,028600"
"142,983371200",Interrupt,"0,003000"
"142,983375400",DPC,"0,015000"
"143,464372100",Interrupt,"0,004100"
"143,464377400",DPC,"0,029100"
"143,483371500",Interrupt,"0,003400"
"143,483376000",DPC,"0,016200"
"143,964380400",Interrupt,"0,003800"
"143,964410000",DPC,"0,029900"
"143,983373100",Interrupt,"0,002500"
"143,983376800",DPC,"0,014500"
"144,464386200",Interrupt,"0,005000"
"144,464409500",DPC,"0,030900"
"144,483375300",Interrupt,"0,002700"
"144,483384600",DPC,"0,021600"
"144,964373200",Interrupt,"0,004400"
"144,964378700",DPC,"0,028300"
"144,983373300",Interrupt,"0,002900"
"144,983377400",DPC,"0,012800"
"145,464373700",Interrupt,"0,004200"
"145,464379000",DPC,"0,029200"
"145,483373600",Interrupt,"0,003700"
"145,483378500",DPC,"0,015300"
"145,964374200",Interrupt,"0,004400"
"145,964379800",DPC,"0,028100"
"145,983373500",Interrupt,"0,002600"
"145,983378200",DPC,"0,013700"
"146,464375800",Interrupt,"0,004200"
"146,464381200",DPC,"0,028000"
"146,483374500",Interrupt,"0,003700"
"146,483379400",DPC,"0,018200"
"146,964375200",Interrupt,"0,004400"
"146,964380700",DPC,"0,029400"
"146,983374900",Interrupt,"0,002900"
"146,983379000",DPC,"0,015700"
"147,464375600",Interrupt,"0,004200"
"147,464381000",DPC,"0,028600"
"147,483375500",Interrupt,"0,003500"
"147,483380200",DPC,"0,018500"
"147,964376000",Interrupt,"0,004400"
"147,964381700",DPC,"0,029100"
"147,983376100",Interrupt,"0,003200"
"147,983380500",DPC,"0,015000"
"148,464376600",Interrupt,"0,005000"
"148,464396700",DPC,"0,024600"
"148,483376500",Interrupt,"0,002800"
"148,483380500",DPC,"0,015000"
"148,964377000",Interrupt,"0,004500"
"148,964382600",DPC,"0,029000"
"148,983376800",Interrupt,"0,003200"
"148,983381100",DPC,"0,015800"
"149,464390600",Interrupt,"0,004000"
"149,464400600",DPC,"0,024200"
"149,483377300",Interrupt,"0,003400"
"149,483381900",DPC,"0,016500"
"149,964378100",Interrupt,"0,004600"
"149,964383900",DPC,
"149,983377800",Interrupt,"0,003000"
"149,983382000",DPC,"0,016800"
"150,464378400",Interrupt,"0,004100"
"150,464383600",DPC,"0,028300"
"150,483378400",Interrupt,"0,002500"
"150,483385700",DPC,"0,015600"
"150,964379100",Interrupt,"0,004300"
"150,964384600",DPC,"0,029200"
"150,983378600",Interrupt,"0,003100"
"150,983382800",DPC,"0,017600"
"151,464379000",Interrupt,"0,007700"
"151,464388200",DPC,"0,026000"
"151,483379700",Interrupt,"0,006200"
"151,483401600",DPC,"0,017800"
"151,964379800",Interrupt,"0,005900"
"151,964387100",DPC,"0,027700"
"151,983379800",Interrupt,"0,003200"
"151,983384200",DPC,"0,017100"
"152,464380500",Interrupt,"0,004500"
"152,464386200",DPC,"0,027800"
"152,483380400",Interrupt,"0,003000"
"152,483384500",DPC,"0,016000"
"152,964382100",Interrupt,"0,005500"
"152,964394700",DPC,"0,024000"
"152,983380800",Interrupt,"0,006600"
"152,983389100",DPC,"0,024700"
"153,464381300",Interrupt,"0,004400"
"153,464386900",DPC,"0,027800"
"153,483381100",Interrupt,"0,002800"
"153,483385100",DPC,"0,013100"
"153,964381800",Interrupt,"0,004300"
"153,964387200",DPC,"0,028600"
"153,983391000",Interrupt,"0,002600"
"153,983451300",DPC,"0,018700"
"154,464396500",Interrupt,"0,003900"
"154,464426500",DPC,"0,028500"
"154,483382300",Interrupt,"0,002600"
"154,483386100",DPC,"0,015100"
"154,964382900",Interrupt,"0,004300"
"154,964388400",DPC,"0,029200"
"154,983382500",Interrupt,"0,002700"
"154,983386400",DPC,"0,013200"
"155,464383300",Interrupt,"0,004600"
"155,464389100",DPC,"0,028800"
"155,483383000",Interrupt,"0,002700"
"155,483386900",DPC,"0,013100"
"155,964383700",Interrupt,"0,004300"
"155,964389200",DPC,
"155,983390400",Interrupt,"0,004300"
"155,983411300",DPC,"0,013700"
"156,464386300",Interrupt,"0,004100"
"156,464416300",DPC,"0,022500"
"156,483384200",Interrupt,"0,002500"
"156,483387900",DPC,"0,012500"
"156,964384800",Interrupt,"0,004600"
"156,964390600",DPC,"0,027600"
"156,983384500",Interrupt,"0,002700"
"156,983388300",DPC,"0,012900"
"157,464385300",Interrupt,"0,004400"
"157,464391000",DPC,"0,029400"
"157,483385200",Interrupt,"0,002800"
"157,483389200",DPC,"0,013000"
"157,964385600",Interrupt,"0,004600"
"157,964391400",DPC,"0,027800"
"157,983385700",Interrupt,"0,002100"
"157,983389100",DPC,"0,011900"
"158,464386100",Interrupt,"0,004100"
"158,464391400",DPC,
"158,483387400",Interrupt,"0,002600"
"158,483461700",DPC,"0,019400"
"158,964386700",Interrupt,"0,004400"
"158,964392400",DPC,"0,038900"
"158,983396600",Interrupt,"0,002300"
"158,983456700",DPC,"0,017700"
"159,464388300",Interrupt,"0,004500"
"159,464394000",DPC,"0,027700"
"159,483386800",Interrupt,"0,003000"
"159,483391100",DPC,"0,016900"
"159,964387700",Interrupt,"0,004400"
"159,964393300",DPC,
"159,983387500",Interrupt,"0,003500"
"159,983392200",DPC,"0,016500"
"160,464388100",Interrupt,"0,004000"
"160,464393400",DPC,"0,028300"
"160,483387800",Interrupt,"0,002600"
"160,483391600",DPC,"0,012600"
"160,964388600",Interrupt,"0,004300"
"160,964394100",DPC,"0,027900"
"160,983388100",Interrupt,"0,002400"
"160,983399000",DPC,"0,022200"
"161,464394900",Interrupt,"0,004200"
"161,464407800",DPC,"0,030700"
"161,483390100",Interrupt,"0,003900"
"161,483398100",DPC,"0,024800"
"161,964389500",Interrupt,"0,004500"
"161,964395300",DPC,"0,028400"
"161,983389400",Interrupt,"0,003100"
"161,983409100",DPC,"0,015700"
"162,464390300",Interrupt,"0,004200"
"162,464395700",DPC,"0,029000"
"162,483390000",Interrupt,"0,003200"
"162,483394400",DPC,"0,015300"
"162,964390700",Interrupt,"0,004600"
"162,964396400",DPC,"0,028600"
"162,983390500",Interrupt,"0,003900"
"162,983395700",DPC,"0,018900"
"163,464406100",Interrupt,"0,004300"
"163,464417600",DPC,
"163,483398500",Interrupt,"0,002500"
"163,483409500",DPC,"0,015500"
"163,964391300",Interrupt,"0,004300"
"163,964396800",DPC,"0,028900"
"163,983391400",Interrupt,"0,003700"
"163,983396200",DPC,"0,018100"
"164,464388000",Interrupt,"0,004300"
"164,464393500",DPC,"0,028500"
"164,483392100",Interrupt,"0,002900"
"164,483396100",DPC,"0,013800"
"164,964413500",Interrupt,"0,004700"
"164,964445000",DPC,"0,028700"
"164,983392700",Interrupt,"0,003200"
"164,983397100",DPC,"0,017400"
"165,464392800",Interrupt,"0,004500"
"165,464398500",DPC,"0,029400"
"165,483392700",Interrupt,"0,002700"
"165,483396600",DPC,"0,014600"
"165,964393300",Interrupt,"0,004000"
"165,964398400",DPC,"0,029400"
"165,983393000",Interrupt,"0,004100"
"165,983398500",DPC,"0,018200"
"166,464393900",Interrupt,"0,004100"
"166,464399300",DPC,"0,028800"
"166,483393500",Interrupt,"0,002600"
"166,483413400",DPC,"0,014600"
"166,964394400",Interrupt,"0,003900"
"166,964415500",DPC,"0,024200"
"166,983394300",Interrupt,"0,003300"
"166,983398800",DPC,"0,017400"
"167,464425000",Interrupt,"0,006000"
"167,464447000",DPC,"0,029800"
"167,483394800",Interrupt,"0,002800"
"167,483398800",DPC,"0,015400"
"167,964395400",Interrupt,"0,004100"
"167,964400700",DPC,"0,029100"
"167,983396300",Interrupt,"0,003400"
"167,983400900",DPC,"0,017400"
"168,464395800",Interrupt,"0,004400"
"168,464401300",DPC,"0,029000"
"168,483395800",Interrupt,"0,002700"
"168,483399700",DPC,"0,013300"
"168,964405200",Interrupt,"0,003800"
"168,964415300",DPC,
"168,983396000",Interrupt,"0,002700"
"168,983399900",DPC,
"169,464396400",Interrupt,"0,004600"
"169,464406400",DPC,"0,025400"
"169,483396300",Interrupt,"0,002500"
"169,483415300",DPC,"0,015400"
"169,964397200",Interrupt,"0,004100"
"169,964402500",DPC,"0,028000"
"169,983410700",Interrupt,"0,004100"
"169,983431700",DPC,"0,012200"
"170,464397900",Interrupt,"0,004100"
"170,464403200",DPC,"0,028000"
"170,483397600",Interrupt,"0,002500"
"170,483401300",DPC,"0,017900"
"170,964398200",Interrupt,"0,004200"
"170,964419300",DPC,"0,022500"
"170,983398400",Interrupt,"0,002700"
"170,983402300",DPC,"0,012600"
"171,464398700",Interrupt,"0,004500"
"171,464404400",DPC,
"171,483398200",Interrupt,"0,002700"
"171,483417400",DPC,"0,015100"
"171,964399000",Interrupt,"0,004400"
"171,964404600",DPC,"0,028000"
"171,983399200",Interrupt,"0,003600"
"171,983404000",DPC,"0,017200"
"172,464399600",Interrupt,"0,004600"
"172,464405300",DPC,
"172,483400300",Interrupt,"0,002800"
"172,483404300",DPC,"0,015100"
"172,964418600",Interrupt,"0,006300"
"172,964441900",DPC,"0,028200"
"172,983399900",Interrupt,"0,003200"
"172,983404300",DPC,"0,014800"
"173,464400500",Interrupt,"0,004500"
"173,464406200",DPC,
"173,483400500",Interrupt,"0,003200"
"173,483404800",DPC,"0,015400"
"173,964401200",Interrupt,"0,004300"
"173,964406700",DPC,"0,029000"
"173,983401000",Interrupt,"0,002700"
"173,983404900",DPC,"0,015500"
"174,464401600",Interrupt,"0,004300"
"174,464407100",DPC,"0,029400"
"174,483416600",Interrupt,"0,002700"
"174,483425900",DPC,"0,014600"
"174,964402100",Interrupt,"0,004400"
"174,964407800",DPC,
"174,983401800",Interrupt,"0,002900"
"174,983405900",DPC,"0,014900"
"175,464430000",Interrupt,"0,004100"
"175,464460300",DPC,"0,032600"
"175,483402200",Interrupt,"0,002900"
"175,483406300",DPC,
"175,964402800",Interrupt,"0,004300"
"175,964420600",DPC,"0,024300"
"175,983403100",Interrupt,"0,004700"
"175,983409000",DPC,"0,017700"
"176,464403500",Interrupt,"0,004500"
"176,464409200",DPC,"0,028800"
"176,483403300",Interrupt,"0,002700"
"176,483407200",DPC,"0,013100"
"176,964404900",Interrupt,"0,004500"
"176,964410600",DPC,"0,028100"
"176,983403400",Interrupt,"0,002900"
"176,983407500",DPC,"0,015800"
"177,464404400",Interrupt,"0,004600"
"177,464410200",DPC,"0,029000"
"177,483404400",Interrupt,"0,003100"
"177,483408700",DPC,"0,014800"
"177,964404900",Interrupt,"0,004400"
"177,964410500",DPC,"0,028600"
"177,983404500",Interrupt,"0,003100"
"177,983410000",DPC,"0,015900"
"178,464419800",Interrupt,"0,004300"
"178,464431600",DPC,"0,025200"
"178,483405300",Interrupt,"0,002900"
"178,483409400",DPC,
"178,964405900",Interrupt,"0,004500"
"178,964411600",DPC,"0,032100"
"178,983405700",Interrupt,"0,003300"
"178,983410200",DPC,"0,017600"
"179,464406400",Interrupt,"0,004600"
"179,464412100",DPC,
"179,483406200",Interrupt,"0,004100"
"179,483411600",DPC,"0,027400"
"179,964406600",Interrupt,"0,004400"
"179,964412100",DPC,"0,028400"
"179,983406600",Interrupt,"0,003100"
"179,983410800",DPC,"0,015300"
"180,464407500",Interrupt,"0,004400"
"180,464413100",DPC,"0,029100"
"180,483407300",Interrupt,"0,002700"
"180,483411100",DPC,"0,015300"
"180,964407800",Interrupt,"0,004300"
"180,964413300",DPC,"0,028900"
"180,983408600",Interrupt,"0,002700"
"180,983412400",DPC,
"181,464408200",Interrupt,"0,004800"
"181,464414200",DPC,"0,029000"
"181,483408100",Interrupt,"0,002900"
"181,483412200",DPC,"0,013900"
"181,964408600",Interrupt,"0,004500"
"181,964414300",DPC,"0,027700"
"181,983408600",Interrupt,"0,003500"
"181,983433100",DPC,"0,014100"
"182,464409600",Interrupt,"0,004300"
"182,464415100",DPC,"0,027800"
"182,483409500",Interrupt,"0,003300"
"182,483414000",DPC,"0,016300"
"182,964409800",Interrupt,"0,003700"
"182,964414700",DPC,"0,028300"
"182,983409500",Interrupt,"0,002900"
"182,983413500",DPC,
"183,464411400",Interrupt,"0,004300"
"183,464416900",DPC,"0,028100"
"183,483410200",Interrupt,"0,004700"
"183,483416100",DPC,"0,027300"
"183,964410600",Interrupt,"0,003600"
"183,964430800",DPC,"0,021200"
"183,983414100",Interrupt,"0,004200"
"183,983425200",DPC,"0,017900"
"184,464411100",Interrupt,"0,004500"
"184,464416800",DPC,"0,028900"
"184,483411000",Interrupt,"0,002900"
"184,483415000",DPC,"0,015500"
"184,964411600",Interrupt,"0,004200"
"184,964417000",DPC,"0,028100"
"184,983411500",Interrupt,"0,002400"
"184,983415100",DPC,"0,012700"
"185,464415600",Interrupt,"0,004100"
"185,464429000",DPC,"0,026000"
"185,483411800",Interrupt,"0,003300"
"185,483416300",DPC,"0,017400"
"185,964412500",Interrupt,"0,004100"
"185,964449600",DPC,
"185,983412400",Interrupt,"0,002800"
"185,983416400",DPC,"0,012600"
"186,464412600",Interrupt,"0,004800"
"186,464438500",DPC,"0,025000"
"186,483412700",Interrupt,"0,003000"
"186,483416900",DPC,"0,017300"
"186,964413500",Interrupt,"0,004200"
"186,964446300",DPC,"0,023800"
"186,983413300",Interrupt,"0,003100"
"186,983417700",DPC,"0,015800"
"187,464414000",Interrupt,"0,004800"
"187,464419900",DPC,"0,029100"
"187,483413900",Interrupt,"0,003200"
"187,483418300",DPC,"0,017500"
"187,964414600",Interrupt,"0,004300"
"187,964420100",DPC,"0,027800"
"187,983426400",Interrupt,"0,003000"
"187,983487500",DPC,"0,022200"
"188,464415200",Interrupt,"0,004500"
"188,464420900",DPC,"0,029000"
"188,483414700",Interrupt,"0,002500"
"188,483418400",DPC,
"188,964415500",Interrupt,"0,003900"
"188,964435800",DPC,"0,023200"
"188,983415400",Interrupt,"0,003100"
"188,983419700",DPC,"0,016700"
"189,464415700",Interrupt,"0,006200"
"189,464423400",DPC,"0,027500"
"189,483416200",Interrupt,"0,003200"
"189,483420600",DPC,"0,014200"
"189,964417500",Interrupt,"0,004100"
"189,964422800",DPC,
"189,983416100",Interrupt,"0,002600"
"189,983419900",DPC,"0,014700"
"190,464417000",Interrupt,"0,004400"
"190,464422600",DPC,
"190,483417000",Interrupt,"0,002400"
"190,483426000",DPC,"0,013600"
"190,964420300",Interrupt,"0,004000"
"190,964431000",DPC,"0,024100"
"190,983416800",Interrupt,"0,003300"
"190,983424400",DPC,"0,014100"
"191,464417900",Interrupt,"0,004400"
"191,464423500",DPC,"0,028500"
"191,483417700",Interrupt,"0,003200"
"191,483422200",DPC,"0,015000"
"191,964418300",Interrupt,"0,004200"
"191,964423700",DPC,
"191,983419300",Interrupt,"0,003600"
"191,983424100",DPC,
"192,464418700",Interrupt,"0,004600"
"192,464424500",DPC,
"192,483422300",Interrupt,"0,004600"
"192,483452900",DPC,"0,019500"
"192,964419700",Interrupt,"0,005400"
"192,964426600",DPC,"0,027600"
"192,983419200",Interrupt,"0,003300"
"192,983423800",DPC,
"193,464419800",Interrupt,"0,004500"
"193,464425600",DPC,"0,033200"
"193,483419300",Interrupt,"0,003300"
"193,483423900",DPC,"0,014600"
"193,964427500",Interrupt,"0,003700"
"193,964438000",DPC,"0,024700"
"193,983420200",Interrupt,"0,003100"
"193,983424400",DPC,"0,014400"
"194,464420800",Interrupt,"0,004700"
"194,464426800",DPC,"0,028600"
"194,483420700",Interrupt,"0,002800"
"194,483424700",DPC,"0,013800"
"194,964421100",Interrupt,"0,004500"
"194,964426800",DPC,"0,029300"
"194,983421100",Interrupt,"0,002900"
"194,983425100",DPC,"0,015200"
"195,464421800",Interrupt,"0,004500"
"195,464427500",DPC,"0,029200"
"195,483421600",Interrupt,"0,003300"
"195,483426100",DPC,"0,017700"
"195,964422100",Interrupt,"0,004800"
"195,964428000",DPC,
"195,983422100",Interrupt,"0,003200"
"195,983426400",DPC,"0,018300"
"196,464423800",Interrupt,"0,005100"
"196,464459600",DPC,"0,031000"
"196,483422300",Interrupt,"0,003100"
"196,483426600",DPC,"0,017400"
"196,964423000",Interrupt,"0,004300"
"196,964428500",DPC,"0,029400"
"196,983423100",Interrupt,"0,002800"
"196,983427100",DPC,"0,014100"
"197,464423900",Interrupt,"0,004400"
"197,464429600",DPC,
"197,483423400",Interrupt,"0,002800"
"197,483427400",DPC,"0,015200"
"197,964424500",Interrupt,"0,004500"
"197,964430100",DPC,"0,028800"
"197,983424000",Interrupt,"0,002800"
"197,983428000",DPC,"0,014500"
"198,464424700",Interrupt,"0,004200"
"198,464430100",DPC,"0,029300"
"198,483425800",Interrupt,"0,003400"
"198,483430400",DPC,"0,016400"
"198,964425300",Interrupt,"0,004100"
"198,964430700",DPC,"0,028600"
"198,983428400",Interrupt,"0,004200"
"198,983449000",DPC,"0,014800"
"199,464425600",Interrupt,"0,004400"
"199,464431100",DPC,
"199,483425000",Interrupt,"0,002300"
"199,483431200",DPC,"0,013100"
"199,964426200",Interrupt,"0,004500"
"199,964431900",DPC,"0,028200"
"199,983425600",Interrupt,"0,002800"
"199,983429500",DPC,"0,014800"
"200,464426800",Interrupt,"0,004200"
"200,464432200",DPC,"0,027900"
"200,483426400",Interrupt,"0,002800"
"200,483430300",DPC,"0,013300"
"200,964427700",Interrupt,"0,004400"
"200,964433200",DPC,"0,028300"
"200,983426900",Interrupt,"0,003000"
"200,983431000",DPC,"0,016000"
"201,464427500",Interrupt,"0,004800"
"201,464433500",DPC,"0,028800"
"201,483427200",Interrupt,"0,003500"
"201,483431900",DPC,
"201,964428300",Interrupt,"0,004500"
"201,964434000",DPC,"0,042800"
"201,983437100",Interrupt,"0,002800"
"201,983447300",DPC,"0,016300"
"202,464428900",Interrupt,"0,004600"
"202,464434700",DPC,"0,028500"
"202,483428400",Interrupt,"0,003500"
"202,483433100",DPC,"0,016600"
"202,964428900",Interrupt,"0,004400"
"202,964434500",DPC,"0,028500"
"202,983438100",Interrupt,"0,002400"
"202,983465700",DPC,"0,013900"
"203,464429600",Interrupt,"0,004600"
"203,464435500",DPC,"0,028800"
"203,483429200",Interrupt,"0,002600"
"203,483433000",DPC,
"203,964435500",Interrupt,"0,003700"
"203,964445800",DPC,"0,023500"
"203,983429600",Interrupt,"0,002600"
"203,983433400",DPC,"0,012600"
"204,464430500",Interrupt,"0,004200"
"204,464435900",DPC,"0,028000"
"204,483444900",Interrupt,"0,001900"
"204,483453700",DPC,"0,013300"
"204,964431400",Interrupt,"0,004300"
"204,964436800",DPC,"0,028800"
"204,983431800",Interrupt,"0,002500"
"204,983435500",DPC,"0,013800"
"205,464431600",Interrupt,"0,004600"
"205,464437400",DPC,"0,028900"
"205,483431100",Interrupt,"0,003100"
"205,483435400",DPC,
"205,964431700",Interrupt,"0,004300"
"205,964437200",DPC,"0,028300"
"205,983432200",Interrupt,"0,006500"
"205,983441300",DPC,"0,023500"
"206,464432200",Interrupt,"0,004600"
"206,464438000",DPC,"0,028500"
"206,483432300",Interrupt,"0,003300"
"206,483436800",DPC,"0,015300"
"206,964432600",Interrupt,"0,004300"
"206,964438100",DPC,
"206,983432500",Interrupt,"0,005100"
"206,983438900",DPC,"0,017000"
"207,464433100",Interrupt,"0,004600"
"207,464438900",DPC,"0,029200"
"207,483433300",Interrupt,"0,003800"
"207,483438400",DPC,"0,027600"
"207,964433300",Interrupt,"0,004600"
"207,964440100",DPC,"0,027900"
"207,983433600",Interrupt,"0,003400"
"207,983438100",DPC,"0,016100"
"208,464434300",Interrupt,"0,005200"
"208,464440700",DPC,"0,028100"
"208,483434000",Interrupt,"0,002500"
"208,483437700",DPC,"0,014400"
"208,964434600",Interrupt,"0,004200"
"208,964440000",DPC,"0,038900"
"208,983444500",Interrupt,"0,002500"
"208,983484600",DPC,"0,020600"
"209,464447700",Interrupt,"0,004400"
"209,464459200",DPC,
"209,483435000",Interrupt,"0,002500"
"209,483438700",DPC,
"209,964435700",Interrupt,"0,004500"
"209,964441400",DPC,"0,028600"
"209,983435600",Interrupt,"0,003400"
"209,983440300",DPC,"0,016900"
"210,464436000",Interrupt,"0,004400"
"210,464441600",DPC,
"210,483435800",Interrupt,"0,003100"
"210,483440100",DPC,"0,014600"
"210,964436500",Interrupt,"0,004400"
"210,964442000",DPC,"0,029600"
"210,983436200",Interrupt,"0,003800"
"210,983441400",DPC,"0,018400"
"211,464436700",Interrupt,"0,006300"
"211,464451100",DPC,"0,025300"
"211,483437900",Interrupt,"0,003000"
"211,483442100",DPC,"0,015700"
"211,964445800",Interrupt,"0,004500"
"211,964464700",DPC,"0,025600"
"211,983437400",Interrupt,"0,003200"
"211,983457200",DPC,"0,015000"
"212,464438100",Interrupt,"0,004600"
"212,464443900",DPC,"0,028900"
"212,483437700",Interrupt,"0,004000"
"212,483442900",DPC,"0,028200"
"212,964438300",Interrupt,"0,004700"
"212,964444100",DPC,"0,029100"
"212,983438500",Interrupt,"0,003400"
"212,983443200",DPC,
"213,464439200",Interrupt,"0,004300"
"213,464444700",DPC,"0,029200"
"213,483454600",Interrupt,"0,002900"
"213,483466100",DPC,"0,014300"
"213,964441000",Interrupt,"0,004700"
"213,964446900",DPC,
"213,983439100",Interrupt,"0,002800"
"213,983443100",DPC,"0,014300"
"214,464439800",Interrupt,"0,004400"
"214,464445400",DPC,"0,028900"
"214,483439300",Interrupt,"0,003500"
"214,483444000",DPC,"0,016300"
"214,964447600",Interrupt,"0,005700"
"214,964460600",DPC,"0,024300"
"214,983440000",Interrupt,"0,002600"
"214,983443800",DPC,"0,015400"
"215,464441000",Interrupt,"0,004500"
"215,464446800",DPC,"0,028900"
"215,483440900",Interrupt,"0,003000"
"215,483445100",DPC,"0,015700"
"215,964440900",Interrupt,"0,004500"
"215,964450400",DPC,"0,025700"
"215,983441500",Interrupt,"0,002700"
"215,983445400",DPC,"0,015700"
"216,464442000",Interrupt,"0,004700"
"216,464447900",DPC,"0,028300"
"216,483441800",Interrupt,"0,003100"
"216,483446100",DPC,"0,014500"
"216,964442000",Interrupt,"0,005800"
"216,964500900",DPC,"0,029500"
"216,983443000",Interrupt,"0,003300"
"216,983447700",DPC,"0,017000"
"217,464442800",Interrupt,"0,004600"
"217,464448500",DPC,
"217,483443100",Interrupt,"0,003900"
"217,483453300",DPC,"0,022000"
"217,964448900",Interrupt,"0,005500"
"217,964483700",DPC,"0,029400"
"217,983443500",Interrupt,"0,003400"
"217,983448000",DPC,"0,016200"
"218,464443900",Interrupt,"0,004400"
"218,464449400",DPC,"0,029200"
"218,483443500",Interrupt,"0,002800"
"218,483447500",DPC,"0,015200"
"218,964444200",Interrupt,"0,004700"
"218,964465500",DPC,"0,025900"
"218,983443600",Interrupt,"0,003500"
"218,983452400",DPC,"0,025000"
"219,464444200",Interrupt,"0,005900"
"219,464455700",DPC,"0,025600"
"219,483444500",Interrupt,"0,003400"
"219,483449000",DPC,"0,016300"
"219,964445300",Interrupt,"0,004700"
"219,964451200",DPC,"0,028800"
"219,983457100",Interrupt,"0,002600"
"219,983516600",DPC,"0,020900"
"220,464446700",Interrupt,"0,004500"
"220,464452300",DPC,"0,028100"
"220,483445600",Interrupt,"0,003000"
"220,483449800",DPC,"0,014900"
"220,964445900",Interrupt,"0,004900"
"220,964463300",DPC,"0,025100"
"220,983445800",Interrupt,"0,002900"
"220,983450000",DPC,"0,015400"
"221,464448400",Interrupt,"0,007200"
"221,464463100",DPC,"0,025100"
"221,483446400",Interrupt,"0,003200"
"221,483450700",DPC,
"221,964447000",Interrupt,"0,004600"
"221,964452800",DPC,"0,029200"
"221,983446700",Interrupt,"0,003100"
"221,983457600",DPC,"0,023400"
"222,464447600",Interrupt,"0,004300"
"222,464453000",DPC,"0,028200"
"222,483446900",Interrupt,"0,002500"
"222,483454600",DPC,"0,014200"
"222,964448600",Interrupt,"0,004300"
"222,964455500",DPC,"0,027300"
"222,983447800",Interrupt,"0,002900"
"222,983452000",DPC,"0,014800"
"223,464448600",Interrupt,"0,004600"
"223,464454500",DPC,"0,028800"
"223,483448500",Interrupt,"0,002800"
"223,483452400",DPC,"0,015700"
"223,964449500",Interrupt,"0,004900"
"223,964455900",DPC,"0,027900"
"223,983472200",Interrupt,"0,002700"
"223,983500600",DPC,"0,019300"
"224,464449600",Interrupt,"0,004200"
"224,464455000",DPC,"0,028600"
"224,483449300",Interrupt,"0,002600"
"224,483453100",DPC,"0,013900"
"224,964450000",Interrupt,"0,004300"
"224,964455500",DPC,"0,029400"
"224,983450000",Interrupt,"0,003300"
"224,983454500",DPC,"0,015600"
"225,464450600",Interrupt,"0,004400"
"225,464456200",DPC,"0,029200"
"225,483450500",Interrupt,"0,002800"
"225,483454500",DPC,"0,014400"
"225,964452900",Interrupt,"0,004000"
"225,964461400",DPC,"0,024500"
"225,983450400",Interrupt,"0,003100"
"225,983459100",DPC,"0,014400"
"226,464451700",Interrupt,"0,004700"
"226,464457700",DPC,"0,028400"
"226,483451200",Interrupt,"0,002700"
"226,483455100",DPC,"0,013300"
"226,964453400",Interrupt,"0,005500"
"226,964460200",DPC,"0,035600"
"226,983451700",Interrupt,"0,002700"
"226,983455600",DPC,"0,015200"
"227,464452600",Interrupt,"0,004500"
"227,464458200",DPC,
"227,483452200",Interrupt,"0,003100"
"227,483456500",DPC,"0,017000"
"227,964452800",Interrupt,"0,004300"
"227,964458300",DPC,
"227,983452700",Interrupt,"0,002600"
"227,983456500",DPC,"0,013500"
"228,464453200",Interrupt,"0,004100"
"228,464467900",DPC,"0,023700"
"228,483453400",Interrupt,"0,002400"
"228,483456900",DPC,"0,011700"
"228,964453800",Interrupt,"0,004700"
"228,964459600",DPC,"0,027900"
"228,983454700",Interrupt,"0,002700"
"228,983458600",DPC,"0,012800"
"229,464454300",Interrupt,"0,004400"
"229,464459900",DPC,"0,028600"
"229,483454600",Interrupt,"0,002900"
"229,483458700",DPC,"0,013900"
"229,964454800",Interrupt,"0,004900"
"229,964460800",DPC,"0,028400"
"229,983454300",Interrupt,"0,003900"
"229,983464000",DPC,"0,014600"
"230,464455300",Interrupt,"0,004600"
"230,464461100",DPC,"0,028800"
"230,483455200",Interrupt,"0,003000"
"230,483459500",DPC,
"230,964455900",Interrupt,"0,004700"
"230,964461800",DPC,"0,028600"
"230,983484700",Interrupt,"0,004400"
"230,983505600",DPC,"0,021700"
"231,464456200",Interrupt,"0,004200"
"231,464461600",DPC,"0,029600"
"231,483455800",Interrupt,"0,003400"
"231,483461100",DPC,
"231,964456700",Interrupt,"0,004700"
"231,964462700",DPC,"0,028900"
"231,983462100",Interrupt,"0,002800"
"231,983523900",DPC,"0,021700"
"232,464457200",Interrupt,"0,004400"
"232,464462800",DPC,"0,029200"
"232,483457000",Interrupt,"0,003100"
"232,483461300",DPC,"0,017800"
"232,964457800",Interrupt,"0,004300"
"232,964463200",DPC,"0,028000"
"232,983457600",Interrupt,"0,002800"
"232,983461500",DPC,"0,015600"
"233,464458700",Interrupt,"0,004600"
"233,464464400",DPC,"0,028600"
"233,483458100",Interrupt,"0,003600"
"233,483463200",DPC,"0,016500"
"233,964458500",Interrupt,"0,004200"
"233,964463900",DPC,"0,028100"
"233,983458300",Interrupt,"0,002500"
"233,983461900",DPC,"0,013000"
"234,464459100",Interrupt,"0,004100"
"234,464464500",DPC,"0,029200"
"234,483493400",Interrupt,"0,003000"
"234,483522700",DPC,"0,021700"
"234,964459800",Interrupt,"0,004400"
"234,964465400",DPC,"0,028000"
"234,983459400",Interrupt,"0,002600"
"234,983463300",DPC,"0,013100"
"235,464460100",Interrupt,"0,004300"
"235,464465600",DPC,"0,037600"
"235,483461200",Interrupt,"0,003500"
"235,483465900",DPC,"0,028500"
"235,964460500",Interrupt,"0,004300"
"235,964466000",DPC,"0,028400"
"235,983460200",Interrupt,"0,003300"
"235,983464800",DPC,"0,018400"
"236,464461100",Interrupt,"0,004500"
"236,464466800",DPC,"0,028900"
"236,483460900",Interrupt,"0,003200"
"236,483465300",DPC,"0,019700"
"236,964461500",Interrupt,"0,004200"
"236,964466900",DPC,"0,028700"
"236,983461000",Interrupt,"0,003000"
"236,983468800",DPC,"0,013600"
"237,464461900",Interrupt,"0,004800"
"237,464468000",DPC,"0,029900"
"237,483461900",Interrupt,"0,003300"
"237,483466400",DPC,"0,014300"
"237,964462400",Interrupt,"0,004000"
"237,964467600",DPC,"0,028500"
"237,983462300",Interrupt,"0,002900"
"237,983466400",DPC,"0,012500"
"238,464463000",Interrupt,"0,004200"
"238,464468400",DPC,"0,028300"
"238,483462800",Interrupt,"0,002800"
"238,483466800",DPC,"0,013800"
"238,964463400",Interrupt,"0,004300"
"238,964483600",DPC,"0,021500"
"238,983463300",Interrupt,"0,003000"
"238,983467500",DPC,"0,012500"
"239,464464000",Interrupt,"0,004500"
"239,464469900",DPC,"0,028800"
"239,483463700",Interrupt,"0,003300"
"239,483468200",DPC,"0,014000"
"239,964464400",Interrupt,"0,003900"
"239,964469500",DPC,"0,028200"
"239,983464300",Interrupt,"0,003100"
"239,983468500",DPC,"0,014000"
"240,464464900",Interrupt,"0,004300"
"240,464470500",DPC,"0,028900"
"240,483464900",Interrupt,"0,003300"
"240,483469300",DPC,"0,017800"
"240,964465400",Interrupt,"0,004300"
"240,964470900",DPC,"0,029300"
"240,983465200",Interrupt,"0,002900"
"240,983469200",DPC,"0,013700"
"241,464465900",Interrupt,"0,004600"
"241,464471600",DPC,"0,029200"
"241,483465800",Interrupt,"0,003100"
"241,483470100",DPC,"0,014900"
"241,964466400",Interrupt,"0,004200"
"241,964471700",DPC,"0,028400"
"241,983467200",Interrupt,"0,003000"
"241,983471400",DPC,"0,014600"
"242,464467300",Interrupt,"0,004200"
"242,464472700",DPC,
"242,483466900",Interrupt,"0,003200"
"242,483471300",DPC,"0,017300"
"242,964467300",Interrupt,"0,004200"
"242,964472700",DPC,"0,029000"
"242,983467300",Interrupt,"0,003200"
"242,983471700",DPC,"0,013800"
"243,464467600",Interrupt,"0,004600"
"243,464473300",DPC,"0,029500"
"243,483467700",Interrupt,"0,003300"
"243,483472100",DPC,"0,015700"
"243,964468200",Interrupt,"0,004100"
"243,964473500",DPC,"0,028000"
"243,983469900",Interrupt,"0,005500"
"243,983992800",DPC,"0,014800"
"244,464465500",Interrupt,"0,004500"
"244,464471200",DPC,"0,033400"
"244,483468700",Interrupt,"0,002800"
"244,483472800",DPC,"0,013700"
"244,964469200",Interrupt,"0,003900"
"244,964474300",DPC,"0,028500"
"244,983469100",Interrupt,"0,002500"
"244,983472800",DPC,
"245,464469700",Interrupt,"0,004300"
"245,464475200",DPC,"0,029300"
"245,483469600",Interrupt,"0,003200"
"245,483474000",DPC,"0,013400"
"245,964486400",Interrupt,"0,005300"
"245,964509300",DPC,"0,028500"
"245,983476500",Interrupt,"0,004100"
"245,983500000",DPC,"0,014200"
"246,464470900",Interrupt,"0,004900"
"246,464477000",DPC,"0,028100"
"246,483470400",Interrupt,"0,003100"
"246,483474700",DPC,"0,015800"
"246,964471100",Interrupt,"0,004200"
"246,964476500",DPC,"0,028200"
"246,983470900",Interrupt,"0,002800"
"246,983474900",DPC,"0,014000"
"247,464471700",Interrupt,"0,004700"
"247,464477700",DPC,"0,028800"
"247,483471300",Interrupt,"0,003400"
"247,483475900",DPC,"0,015800"
"247,964472100",Interrupt,"0,004100"
"247,964477300",DPC,"0,028200"
"247,983472000",Interrupt,"0,002600"
"247,983475800",DPC,"0,013600"
"248,464472800",Interrupt,"0,004000"
"248,464478000",DPC,"0,029000"
"248,483473300",Interrupt,"0,002600"
"248,483477000",DPC,"0,012100"
"248,964473100",Interrupt,"0,003800"
"248,964478100",DPC,
"248,983473000",Interrupt,"0,002800"
"248,983477000",DPC,
"249,464487300",Interrupt,"0,004700"
"249,464531200",DPC,"0,029300"
"249,483473500",Interrupt,"0,002700"
"249,483477400",DPC,"0,012900"
"249,964473800",Interrupt,"0,003900"
"249,964478800",DPC,
"249,983488700",Interrupt,"0,002600"
"249,983512700",DPC,"0,013400"
"250,464474700",Interrupt,"0,004100"
"250,464479900",DPC,"0,029500"
"250,483474300",Interrupt,"0,002600"
"250,483478100",DPC,"0,013600"
"250,964476100",Interrupt,"0,004200"
"250,964481500",DPC,"0,027800"
"250,983474600",Interrupt,"0,002600"
"250,983478400",DPC,"0,013200"
"251,464475500",Interrupt,"0,004300"
"251,464481000",DPC,
"251,483508400",Interrupt,"0,003700"
"251,483529800",DPC,"0,018600"
"251,964475900",Interrupt,"0,004300"
"251,964481400",DPC,"0,028900"
"251,983475700",Interrupt,"0,002800"
"251,983479700",DPC,"0,013400"
"252,464476300",Interrupt,"0,004200"
"252,464481700",DPC,"0,029500"
"252,483476300",Interrupt,"0,002800"
"252,483480300",DPC,"0,014100"
"252,964476800",Interrupt,"0,004000"
"252,964482000",DPC,"0,028400"
"252,983483900",Interrupt,"0,002300"
"252,983542800",DPC,"0,017400"
"253,464477100",Interrupt,"0,006700"
"253,464498400",DPC,"0,025600"
"253,483477000",Interrupt,"0,002800"
"253,483480900",DPC,"0,013700"
"253,964477900",Interrupt,"0,006500"
"253,964495900",DPC,"0,036500"
"253,983477400",Interrupt,"0,003400"
"253,983484300",DPC,
"254,464478400",Interrupt,"0,004500"
"254,464484000",DPC,"0,029200"
"254,483478200",Interrupt,"0,002800"
"254,483482100",DPC,"0,015000"
"254,964478600",Interrupt,"0,004100"
"254,964483800",DPC,"0,029000"
"254,983478600",Interrupt,"0,003200"
"254,983483000",DPC,"0,028900"
"255,464479600",Interrupt,"0,004500"
"255,464485300",DPC,"0,028800"
"255,483479200",Interrupt,"0,003600"
"255,483484100",DPC,
"255,964479700",Interrupt,"0,004400"
"255,964485200",DPC,"0,028900"
"255,983480100",Interrupt,"0,003500"
"255,983490600",DPC,
"256,464480600",Interrupt,"0,004500"
"256,464486300",DPC,"0,028800"
"256,483480000",Interrupt,"0,002800"
"256,483484000",DPC,
"256,964480700",Interrupt,"0,004500"
"256,964486400",DPC,"0,029100"
"256,983480300",Interrupt,"0,003900"
"256,983485500",DPC,"0,029800"
"257,464496000",Interrupt,"0,004900"
"257,464508700",DPC,
"257,483480900",Interrupt,"0,004600"
"257,483489700",DPC,"0,024500"
"257,964481600",Interrupt,"0,004700"
"257,964487500",DPC,"0,029100"
"257,983481500",Interrupt,"0,003800"
"257,983486500",DPC,"0,028300"
"258,464482400",Interrupt,"0,004500"
"258,464488100",DPC,"0,028900"
"258,483481700",Interrupt,"0,002500"
"258,483486800",DPC,"0,015500"
"258,964482600",Interrupt,"0,004400"
"258,964488200",DPC,"0,027900"
"258,983482300",Interrupt,"0,003200"
"258,983486700",DPC,
"259,464483200",Interrupt,"0,004600"
"259,464489000",DPC,
"259,483489100",Interrupt,"0,002700"
"259,483498200",DPC,"0,018800"
"259,964488600",Interrupt,"0,004400"
"259,964522500",DPC,"0,037700"
"259,983483700",Interrupt,"0,003200"
"259,983488100",DPC,
"260,464484000",Interrupt,"0,004500"
"260,464489600",DPC,"0,029200"
"260,483483700",Interrupt,"0,002700"
"260,483490600",DPC,"0,013400"
"260,964484500",Interrupt,"0,004100"
"260,964489900",DPC,"0,028400"
"260,983484500",Interrupt,"0,003500"
"260,983489200",DPC,"0,015400"
"261,464485100",Interrupt,"0,004700"
"261,464491000",DPC,
"261,483485000",Interrupt,"0,003100"
"261,483489200",DPC,"0,014200"
"261,964485300",Interrupt,"0,004400"
"261,964490800",DPC,"0,028200"
"261,983485300",Interrupt,"0,003000"
"261,983489500",DPC,"0,016000"
"262,464486000",Interrupt,"0,004500"
"262,464491700",DPC,
"262,483485800",Interrupt,"0,002800"
"262,483489800",DPC,"0,016500"
"262,964486800",Interrupt,"0,004600"
"262,964492600",DPC,"0,028700"
"262,983486400",Interrupt,"0,002700"
"262,983490300",DPC,
"263,464486900",Interrupt,"0,004600"
"263,464492700",DPC,
"263,483487100",Interrupt,"0,005200"
"263,483493600",DPC,"0,026500"
"263,964488500",Interrupt,"0,004600"
"263,964494300",DPC,
"263,983487500",Interrupt,"0,003300"
"263,983492000",DPC,"0,016100"
"264,464488100",Interrupt,"0,004400"
"264,464493800",DPC,"0,029000"
"264,483497100",Interrupt,"0,003000"
"264,483521700",DPC,"0,015500"
"264,964488400",Interrupt,"0,004300"
"264,964493900",DPC,"0,028300"
"264,983488300",Interrupt,"0,003000"
"264,983492600",DPC,
"265,464488900",Interrupt,"0,004600"
"265,464494700",DPC,"0,029300"
"265,483488800",Interrupt,"0,003200"
"265,483493100",DPC,"0,017800"
"265,964489400",Interrupt,"0,004600"
"265,964495300",DPC,"0,027900"
"265,983490500",Interrupt,"0,004800"
"265,983496500",DPC,
"266,464490300",Interrupt,"0,004300"
"266,464495700",DPC,"0,028800"
"266,483489700",Interrupt,"0,002800"
"266,483493700",DPC,"0,016700"
"266,964490400",Interrupt,"0,004500"
"266,964496100",DPC,"0,028400"
"266,983490200",Interrupt,"0,002800"
"266,983494200",DPC,"0,014200"
"267,464490800",Interrupt,"0,004500"
"267,464496500",DPC,
"267,483490700",Interrupt,"0,003400"
"267,483495200",DPC,"0,016400"
"267,964491200",Interrupt,"0,004300"
"267,964496600",DPC,"0,028200"
"267,983491100",Interrupt,"0,002700"
"267,983495000",DPC,"0,014800"
"268,464491800",Interrupt,"0,004100"
"268,464497200",DPC,"0,029500"
"268,483491600",Interrupt,"0,002700"
"268,483495500",DPC,"0,019000"
"268,964492400",Interrupt,"0,004100"
"268,964497700",DPC,"0,028000"
"268,983492400",Interrupt,"0,004300"
"268,983498200",DPC,"0,028500"
"269,464492600",Interrupt,"0,004600"
"269,464498300",DPC,"0,029300"
"269,483492800",Interrupt,"0,004400"
"269,483498500",DPC,"0,028800"
"269,964493200",Interrupt,"0,004000"
"269,964498400",DPC,"0,028400"
"269,983493200",Interrupt,"0,003100"
"269,983497500",DPC,"0,016600"
"270,464503200",Interrupt,"0,003900"
"270,464532800",DPC,"0,024500"
"270,483521700",Interrupt,"0,004800"
"270,483543100",DPC,"0,023100"
"270,964494200",Interrupt,"0,004500"
"270,964500000",DPC,"0,028800"
"270,983494000",Interrupt,"0,004400"
"270,983499600",DPC,"0,016300"
"271,464494600",Interrupt,"0,004900"
"271,464500700",DPC,"0,028900"
"271,483494600",Interrupt,"0,003100"
"271,483498900",DPC,
"271,964494700",Interrupt,"0,005100"
"271,964504300",DPC,"0,025600"
"271,983495000",Interrupt,"0,003300"
"271,983499500",DPC,"0,015500"
"272,464495700",Interrupt,"0,004100"
"272,464516400",DPC,"0,025400"
"272,483496800",Interrupt,"0,003400"
"272,483501600",DPC,"0,028200"
"272,964496100",Interrupt,"0,004300"
"272,964501600",DPC,"0,029200"
"272,983495700",Interrupt,"0,002800"
"272,983499700",DPC,"0,014000"
"273,464496600",Interrupt,"0,004200"
"273,464502000",DPC,
"273,483496300",Interrupt,"0,002800"
"273,483500300",DPC,"0,013300"
"273,964497000",Interrupt,"0,005300"
"273,964503700",DPC,"0,033000"
"273,983496900",Interrupt,"0,002800"
"273,983500900",DPC,"0,012700"
"274,464498100",Interrupt,"0,006500"
"274,464506200",DPC,"0,025900"
"274,483497100",Interrupt,"0,002700"
"274,483501000",DPC,"0,013600"
"274,964498000",Interrupt,"0,004400"
"274,964503600",DPC,"0,028500"
"274,983497800",Interrupt,"0,003400"
"274,983502400",DPC,"0,015900"
"275,464498100",Interrupt,"0,006000"
"275,464505600",DPC,
"275,483498400",Interrupt,"0,003100"
"275,483502700",DPC,
"275,964499100",Interrupt,"0,004500"
"275,964504900",DPC,"0,028800"
"275,983498800",Interrupt,"0,002700"
"275,983502700",DPC,"0,014100"
"276,464499400",Interrupt,"0,004600"
"276,464505200",DPC,"0,028800"
"276,483499200",Interrupt,"0,003000"
"276,483503400",DPC,"0,015100"
"276,964500000",Interrupt,"0,004400"
"276,964505700",DPC,"0,028700"
"276,983499600",Interrupt,"0,002600"
"276,983507200",DPC,"0,014700"
"277,464514200",Interrupt,"0,004000"
"277,464525700",DPC,"0,025500"
"277,483505900",Interrupt,"0,004200"
"277,483520300",DPC,"0,016300"
"277,964501000",Interrupt,"0,004200"
"277,964506400",DPC,
"277,983500700",Interrupt,"0,002800"
"277,983504700",DPC,"0,014300"
"278,464501700",Interrupt,"0,004400"
"278,464507400",DPC,"0,028800"
"278,483507100",Interrupt,"0,004000"
"278,483518300",DPC,"0,017000"
"278,964501600",Interrupt,"0,005400"
"278,964509100",DPC,
"278,983502900",Interrupt,"0,002700"
"278,983506700",DPC,"0,014600"
"279,464502400",Interrupt,"0,004800"
"279,464508400",DPC,"0,028200"
"279,483502200",Interrupt,"0,003200"
"279,483506600",DPC,"0,014900"
"279,964504000",Interrupt,"0,004400"
"279,964531400",DPC,"0,024500"
"279,983502800",Interrupt,"0,003000"
"279,983507000",DPC,"0,013700"
"280,464503100",Interrupt,"0,004300"
"280,464508500",DPC,
"280,483503000",Interrupt,"0,003100"
"280,483507200",DPC,
"280,964519700",Interrupt,"0,003800"
"280,964549100",DPC,"0,029800"
"280,983503600",Interrupt,"0,003200"
"280,983508000",DPC,"0,014300"
"281,464505200",Interrupt,"0,004400"
"281,464510700",DPC,"0,028400"
"281,483504100",Interrupt,"0,003200"
"281,483508400",DPC,"0,015100"
"281,964504700",Interrupt,"0,005500"
"281,964511400",DPC,"0,037900"
"281,983504600",Interrupt,"0,002800"
"281,983508600",DPC,"0,015300"
"282,464505200",Interrupt,"0,004200"
"282,464510600",DPC,
"282,483538600",Interrupt,"0,004400"
"282,483559900",DPC,"0,018100"
"282,964505400",Interrupt,"0,004300"
"282,964515600",DPC,"0,024800"
"282,983506000",Interrupt,"0,002800"
"282,983510000",DPC,"0,014200"
"283,464506100",Interrupt,"0,004600"
"283,464511900",DPC,"0,029200"
"283,483505800",Interrupt,"0,002800"
"283,483509800",DPC,"0,014700"
"283,964506600",Interrupt,"0,004000"
"283,964511800",DPC,"0,029300"
"283,983506400",Interrupt,"0,002800"
"283,983510300",DPC,"0,018400"
"284,464507100",Interrupt,"0,004100"
"284,464512400",DPC,"0,029400"
"284,483506900",Interrupt,"0,003400"
"284,483511500",DPC,"0,013100"
"284,964507300",Interrupt,"0,004800"
"284,964540800",DPC,"0,024000"
"284,983507300",Interrupt,"0,002600"
"284,983511100",DPC,"0,013300"
"285,464508500",Interrupt,"0,004700"
"285,464514400",DPC,"0,028700"
"285,483507900",Interrupt,"0,004000"
"285,483513100",DPC,"0,018600"
"285,964508300",Interrupt,"0,004600"
"285,964514100",DPC,"0,029400"
"285,983508500",Interrupt,"0,002900"
"285,983512600",DPC,"0,014600"
"286,464509200",Interrupt,"0,004300"
"286,464514700",DPC,"0,028500"
"286,483509000",Interrupt,"0,003500"
"286,483513700",DPC,"0,017700"
"286,964509200",Interrupt,"0,006000"
"286,964517800",DPC,
"286,983519500",Interrupt,"0,002600"
"286,983574400",DPC,"0,018800"
"287,464510000",Interrupt,"0,004500"
"287,464515600",DPC,"0,029200"
"287,483520900",Interrupt,"0,003100"
"287,483543500",DPC,"0,017900"
"287,964511700",Interrupt,"0,004300"
"287,964517100",DPC,"0,028400"
"287,983510400",Interrupt,"0,002500"
"287,983514000",DPC,"0,013000"
"288,464511000",Interrupt,"0,004100"
"288,464516200",DPC,
"288,483510900",Interrupt,"0,003200"
"288,483515300",DPC,"0,017400"
"288,964511400",Interrupt,"0,003900"
"288,964516600",DPC,
"288,983516100",Interrupt,"0,002300"
"288,983539600",DPC,"0,013900"
"289,464512000",Interrupt,"0,006100"
"289,464519300",DPC,"0,042200"
"289,483512200",Interrupt,"0,003700"
"289,483517100",DPC,"0,018000"
"289,964513100",Interrupt,"0,004700"
"289,964518900",DPC,"0,028200"
"289,983512300",Interrupt,"0,002800"
"289,983516200",DPC,"0,014400"
"290,464513000",Interrupt,"0,004300"
"290,464518400",DPC,"0,028900"
"290,483513200",Interrupt,"0,003100"
"290,483517500",DPC,"0,016000"
"290,964513400",Interrupt,"0,004600"
"290,964519200",DPC,"0,029100"
"290,983513300",Interrupt,"0,003000"
"290,983517400",DPC,"0,015500"
"291,464537600",Interrupt,"0,004000"
"291,464578700",DPC,"0,030800"
"291,483513700",Interrupt,"0,002800"
"291,483517600",DPC,
"291,964514300",Interrupt,"0,006100"
"291,964522400",DPC,"0,026800"
"291,983514000",Interrupt,"0,003200"
"291,983518300",DPC,"0,018500"
"292,464514800",Interrupt,"0,004100"
"292,464520100",DPC,"0,029200"
"292,483514800",Interrupt,"0,002900"
"292,483518800",DPC,"0,015100"
"292,964515400",Interrupt,"0,004600"
"292,964536400",DPC,"0,025000"
"292,983515100",Interrupt,"0,003000"
"292,983519300",DPC,"0,013700"
"293,464515700",Interrupt,"0,004100"
"293,464521100",DPC,"0,029200"
"293,483515700",Interrupt,"0,003000"
"293,483519900",DPC,"0,012300"
"293,964516100",Interrupt,"0,004200"
"293,964521500",DPC,"0,028100"
"293,983516100",Interrupt,"0,002400"
"293,983519700",DPC,"0,013400"
"294,464518000",Interrupt,"0,004500"
"294,464523700",DPC,"0,027900"
"294,483516700",Interrupt,"0,002700"
"294,483520600",DPC,"0,013300"
"294,964517200",Interrupt,"0,004400"
"294,964522800",DPC,"0,029100"
"294,983519800",Interrupt,"0,003400"
"294,983532100",DPC,"0,019100"
"295,464517700",Interrupt,"0,004500"
"295,464523400",DPC,
"295,483517600",Interrupt,"0,003400"
"295,483522100",DPC,"0,016000"
"295,964518700",Interrupt,"0,004500"
"295,964524600",DPC,
"295,983517900",Interrupt,"0,002800"
"295,983521800",DPC,"0,012200"
"296,464519100",Interrupt,"0,004100"
"296,464524500",DPC,"0,028900"
"296,483519600",Interrupt,"0,002800"
"296,483523600",DPC,"0,015400"
"296,964519200",Interrupt,"0,004300"
"296,964524700",DPC,"0,027900"
"296,983518600",Interrupt,"0,003000"
"296,983525400",DPC,"0,015600"
"297,464519600",Interrupt,"0,004500"
"297,464525300",DPC,"0,029100"
"297,483519600",Interrupt,"0,002800"
"297,483523600",DPC,"0,014500"
"297,964526200",Interrupt,"0,003900"
"297,964537000",DPC,"0,025800"
"297,983519600",Interrupt,"0,002500"
"297,983540200",DPC,"0,013600"
"298,464520900",Interrupt,"0,004100"
"298,464526200",DPC,"0,028100"
"298,483525800",Interrupt,"0,002800"
"298,483537700",DPC,"0,017000"
"298,964521100",Interrupt,"0,004300"
"298,964526700",DPC,"0,027800"
"298,983521300",Interrupt,"0,002800"
"298,983525300",DPC,"0,013800"
"299,464521500",Interrupt,"0,004600"
"299,464527300",DPC,
"299,483521200",Interrupt,"0,002800"
"299,483525200",DPC,"0,014000"
"299,965522000",Interrupt,"0,004500"
"299,965527700",DPC,
"299,985522000",Interrupt,"0,003800"
"299,985527000",DPC,"0,018600"
